,AudioMothCode,AudioMothID,SourceFile,Directory,FileName,FileSize,Encoding,NumChannels,SampleRate,AvgBytesPerSec,BitsPerSample,StartDateTime,Duration,Error,Comment,Artist,FileCreateDate,FileType,FileTypeExtension,MIMEType,Global_Score
2,AM-1,243B1F055B2BEAB8,GRABADOR-SDZG-AM-1/20190616_151000.WAV,GRABADOR-SDZG-AM-1,20190616_151000.WAV,46080360,1.0,1.0,384000.0,768000.0,16.0,2019-06-16 15:10:00,60.00046875,,Recorded at 15:10:00 16/06/2019 (UTC) by AudioMoth 243B1F055B2BEAB8 at gain setting 2 while battery state was 4.7V.,AudioMoth 243B1F055B2BEAB8,2019:12:20 03:13:13-08:00,WAV,WAV,audio/x-wav,0.7777266502
8,AM-1,243B1F055B2BEAB8,GRABADOR-SDZG-AM-1/20190616_161000.WAV,GRABADOR-SDZG-AM-1,20190616_161000.WAV,46080360,1.0,1.0,384000.0,768000.0,16.0,2019-06-16 16:10:00,60.00046875,,Recorded at 16:10:00 16/06/2019 (UTC) by AudioMoth 243B1F055B2BEAB8 at gain setting 2 while battery state was 4.7V.,AudioMoth 243B1F055B2BEAB8,2019:12:20 03:13:24-08:00,WAV,WAV,audio/x-wav,0.5156677365
13,AM-1,243B1F055B2BEAB8,GRABADOR-SDZG-AM-1/20190616_170000.WAV,GRABADOR-SDZG-AM-1,20190616_170000.WAV,46080360,1.0,1.0,384000.0,768000.0,16.0,2019-06-16 17:00:00,60.00046875,,Recorded at 17:00:00 16/06/2019 (UTC) by AudioMoth 243B1F055B2BEAB8 at gain setting 2 while battery state was 4.7V.,AudioMoth 243B1F055B2BEAB8,2019:12:20 03:13:33-08:00,WAV,WAV,audio/x-wav,0.9495960474
19,AM-1,243B1F055B2BEAB8,GRABADOR-SDZG-AM-1/20190616_180000.WAV,GRABADOR-SDZG-AM-1,20190616_180000.WAV,46080360,1.0,1.0,384000.0,768000.0,16.0,2019-06-16 18:00:00,60.00046875,,Recorded at 18:00:00 16/06/2019 (UTC) by AudioMoth 243B1F055B2BEAB8 at gain setting 2 while battery state was 4.7V.,AudioMoth 243B1F055B2BEAB8,2019:12:20 03:13:44-08:00,WAV,WAV,audio/x-wav,0.8904563189
25,AM-1,243B1F055B2BEAB8,GRABADOR-SDZG-AM-1/20190616_190000.WAV,GRABADOR-SDZG-AM-1,20190616_190000.WAV,46080360,1.0,1.0,384000.0,768000.0,16.0,2019-06-16 19:00:00,60.00046875,,Recorded at 19:00:00 16/06/2019 (UTC) by AudioMoth 243B1F055B2BEAB8 at gain setting 2 while battery state was 4.7V.,AudioMoth 243B1F055B2BEAB8,2019:12:20 03:13:55-08:00,WAV,WAV,audio/x-wav,0.9904251099
31,AM-1,243B1F055B2BEAB8,GRABADOR-SDZG-AM-1/20190616_200000.WAV,GRABADOR-SDZG-AM-1,20190616_200000.WAV,46080360,1.0,1.0,384000.0,768000.0,16.0,2019-06-16 20:00:00,60.00046875,,Recorded at 20:00:00 16/06/2019 (UTC) by AudioMoth 243B1F055B2BEAB8 at gain setting 2 while battery state was 4.6V.,AudioMoth 243B1F055B2BEAB8,2019:12:20 03:14:06-08:00,WAV,WAV,audio/x-wav,0.5069175959
40,AM-1,243B1F055B2BEAB8,GRABADOR-SDZG-AM-1/20190616_213000.WAV,GRABADOR-SDZG-AM-1,20190616_213000.WAV,46080360,1.0,1.0,384000.0,768000.0,16.0,2019-06-16 21:30:00,60.00046875,,Recorded at 21:30:00 16/06/2019 (UTC) by AudioMoth 243B1F055B2BEAB8 at gain setting 2 while battery state was 4.6V.,AudioMoth 243B1F055B2BEAB8,2019:12:20 03:14:23-08:00,WAV,WAV,audio/x-wav,0.7900227308
45,AM-1,243B1F055B2BEAB8,GRABADOR-SDZG-AM-1/20190616_222000.WAV,GRABADOR-SDZG-AM-1,20190616_222000.WAV,46080360,1.0,1.0,384000.0,768000.0,16.0,2019-06-16 22:20:00,60.00046875,,Recorded at 22:20:00 16/06/2019 (UTC) by AudioMoth 243B1F055B2BEAB8 at gain setting 2 while battery state was 4.6V.,AudioMoth 243B1F055B2BEAB8,2019:12:20 03:14:33-08:00,WAV,WAV,audio/x-wav,0.9924860001
61,AM-1,243B1F055B2BEAB8,GRABADOR-SDZG-AM-1/20190617_010000.WAV,GRABADOR-SDZG-AM-1,20190617_010000.WAV,46080360,1.0,1.0,384000.0,768000.0,16.0,2019-06-17 1:00:00,60.00046875,,Recorded at 01:00:00 17/06/2019 (UTC) by AudioMoth 243B1F055B2BEAB8 at gain setting 2 while battery state was 4.6V.,AudioMoth 243B1F055B2BEAB8,2019:12:20 03:15:03-08:00,WAV,WAV,audio/x-wav,0.5773137808
101,AM-1,243B1F055B2BEAB8,GRABADOR-SDZG-AM-1/20190617_074000.WAV,GRABADOR-SDZG-AM-1,20190617_074000.WAV,46080360,1.0,1.0,384000.0,768000.0,16.0,2019-06-17 7:40:00,60.00046875,,Recorded at 07:40:00 17/06/2019 (UTC) by AudioMoth 243B1F055B2BEAB8 at gain setting 2 while battery state was 4.5V.,AudioMoth 243B1F055B2BEAB8,2019:12:20 03:16:17-08:00,WAV,WAV,audio/x-wav,0.7118205428
104,AM-1,243B1F055B2BEAB8,GRABADOR-SDZG-AM-1/20190617_081000.WAV,GRABADOR-SDZG-AM-1,20190617_081000.WAV,46080360,1.0,1.0,384000.0,768000.0,16.0,2019-06-17 8:10:00,60.00046875,,Recorded at 08:10:00 17/06/2019 (UTC) by AudioMoth 243B1F055B2BEAB8 at gain setting 2 while battery state was 4.5V.,AudioMoth 243B1F055B2BEAB8,2019:12:20 03:16:23-08:00,WAV,WAV,audio/x-wav,0.6590399146
109,AM-1,243B1F055B2BEAB8,GRABADOR-SDZG-AM-1/20190617_090000.WAV,GRABADOR-SDZG-AM-1,20190617_090000.WAV,46080360,1.0,1.0,384000.0,768000.0,16.0,2019-06-17 9:00:00,60.00046875,,Recorded at 09:00:00 17/06/2019 (UTC) by AudioMoth 243B1F055B2BEAB8 at gain setting 2 while battery state was 4.5V.,AudioMoth 243B1F055B2BEAB8,2019:12:20 03:16:32-08:00,WAV,WAV,audio/x-wav,0.6258041859
121,AM-1,243B1F055B2BEAB8,GRABADOR-SDZG-AM-1/20190617_110000.WAV,GRABADOR-SDZG-AM-1,20190617_110000.WAV,46080360,1.0,1.0,384000.0,768000.0,16.0,2019-06-17 11:00:00,60.00046875,,Recorded at 11:00:00 17/06/2019 (UTC) by AudioMoth 243B1F055B2BEAB8 at gain setting 2 while battery state was 4.5V.,AudioMoth 243B1F055B2BEAB8,2019:12:20 03:16:54-08:00,WAV,WAV,audio/x-wav,0.9609713554
127,AM-1,243B1F055B2BEAB8,GRABADOR-SDZG-AM-1/20190617_120000.WAV,GRABADOR-SDZG-AM-1,20190617_120000.WAV,46080360,1.0,1.0,384000.0,768000.0,16.0,2019-06-17 12:00:00,60.00046875,,Recorded at 12:00:00 17/06/2019 (UTC) by AudioMoth 243B1F055B2BEAB8 at gain setting 2 while battery state was 4.5V.,AudioMoth 243B1F055B2BEAB8,2019:12:20 03:17:05-08:00,WAV,WAV,audio/x-wav,0.992687583
133,AM-1,243B1F055B2BEAB8,GRABADOR-SDZG-AM-1/20190617_130000.WAV,GRABADOR-SDZG-AM-1,20190617_130000.WAV,46080360,1.0,1.0,384000.0,768000.0,16.0,2019-06-17 13:00:00,60.00046875,,Recorded at 13:00:00 17/06/2019 (UTC) by AudioMoth 243B1F055B2BEAB8 at gain setting 2 while battery state was 4.5V.,AudioMoth 243B1F055B2BEAB8,2019:12:20 03:17:17-08:00,WAV,WAV,audio/x-wav,0.9889922738
139,AM-1,243B1F055B2BEAB8,GRABADOR-SDZG-AM-1/20190617_140000.WAV,GRABADOR-SDZG-AM-1,20190617_140000.WAV,46080360,1.0,1.0,384000.0,768000.0,16.0,2019-06-17 14:00:00,60.00046875,,Recorded at 14:00:00 17/06/2019 (UTC) by AudioMoth 243B1F055B2BEAB8 at gain setting 2 while battery state was 4.5V.,AudioMoth 243B1F055B2BEAB8,2019:12:20 03:17:28-08:00,WAV,WAV,audio/x-wav,0.5828666091
202,AM-1,243B1F055B2BEAB8,GRABADOR-SDZG-AM-1/20190618_003000.WAV,GRABADOR-SDZG-AM-1,20190618_003000.WAV,46080360,1.0,1.0,384000.0,768000.0,16.0,2019-06-18 0:30:00,60.00046875,,Recorded at 00:30:00 18/06/2019 (UTC) by AudioMoth 243B1F055B2BEAB8 at gain setting 2 while battery state was 4.4V.,AudioMoth 243B1F055B2BEAB8,2019:12:20 03:19:25-08:00,WAV,WAV,audio/x-wav,0.7346683741
234,AM-1,243B1F055B2BEAB8,GRABADOR-SDZG-AM-1/20190618_055000.WAV,GRABADOR-SDZG-AM-1,20190618_055000.WAV,46080360,1.0,1.0,384000.0,768000.0,16.0,2019-06-18 5:50:00,60.00046875,,Recorded at 05:50:00 18/06/2019 (UTC) by AudioMoth 243B1F055B2BEAB8 at gain setting 2 while battery state was 4.4V.,AudioMoth 243B1F055B2BEAB8,2019:12:20 03:20:25-08:00,WAV,WAV,audio/x-wav,0.9426182508
240,AM-1,243B1F055B2BEAB8,GRABADOR-SDZG-AM-1/20190618_065000.WAV,GRABADOR-SDZG-AM-1,20190618_065000.WAV,46080360,1.0,1.0,384000.0,768000.0,16.0,2019-06-18 6:50:00,60.00046875,,Recorded at 06:50:00 18/06/2019 (UTC) by AudioMoth 243B1F055B2BEAB8 at gain setting 2 while battery state was 4.4V.,AudioMoth 243B1F055B2BEAB8,2019:12:20 03:20:36-08:00,WAV,WAV,audio/x-wav,0.7308959961
260,AM-1,243B1F055B2BEAB8,GRABADOR-SDZG-AM-1/20190618_101000.WAV,GRABADOR-SDZG-AM-1,20190618_101000.WAV,46080360,1.0,1.0,384000.0,768000.0,16.0,2019-06-18 10:10:00,60.00046875,,Recorded at 10:10:00 18/06/2019 (UTC) by AudioMoth 243B1F055B2BEAB8 at gain setting 2 while battery state was 4.4V.,AudioMoth 243B1F055B2BEAB8,2019:12:20 03:21:13-08:00,WAV,WAV,audio/x-wav,0.6980208158
369,AM-1,243B1F055B2BEAB8,GRABADOR-SDZG-AM-1/20190619_042000.WAV,GRABADOR-SDZG-AM-1,20190619_042000.WAV,46080360,1.0,1.0,384000.0,768000.0,16.0,2019-06-19 4:20:00,60.00046875,,Recorded at 04:20:00 19/06/2019 (UTC) by AudioMoth 243B1F055B2BEAB8 at gain setting 2 while battery state was 4.4V.,AudioMoth 243B1F055B2BEAB8,2019:12:20 03:24:39-08:00,WAV,WAV,audio/x-wav,0.8763247132
509,AM-1,243B1F055B2BEAB8,GRABADOR-SDZG-AM-1/20190620_034000.WAV,GRABADOR-SDZG-AM-1,20190620_034000.WAV,46080360,1.0,1.0,384000.0,768000.0,16.0,2019-06-20 3:40:00,60.00046875,,Recorded at 03:40:00 20/06/2019 (UTC) by AudioMoth 243B1F055B2BEAB8 at gain setting 2 while battery state was 4.3V.,AudioMoth 243B1F055B2BEAB8,2019:12:20 03:29:05-08:00,WAV,WAV,audio/x-wav,0.9287805557
791,AM-1,243B1F055B2BEAB8,GRABADOR-SDZG-AM-1/20190622_024000.WAV,GRABADOR-SDZG-AM-1,20190622_024000.WAV,46080360,1.0,1.0,384000.0,768000.0,16.0,2019-06-22 2:40:00,60.00046875,,Recorded at 02:40:00 22/06/2019 (UTC) by AudioMoth 243B1F055B2BEAB8 at gain setting 2 while battery state was 4.2V.,AudioMoth 243B1F055B2BEAB8,2019:12:20 03:37:54-08:00,WAV,WAV,audio/x-wav,0.8938162327
1777,AM-1,243B1F055B2BEAB8,GRABADOR-SDZG-AM-1/20190628_230000.WAV,GRABADOR-SDZG-AM-1,20190628_230000.WAV,46080360,1.0,1.0,384000.0,768000.0,16.0,2019-06-28 23:00:00,60.00046875,,Recorded at 23:00:00 28/06/2019 (UTC) by AudioMoth 243B1F055B2BEAB8 at gain setting 2 while battery state was 4.0V.,AudioMoth 243B1F055B2BEAB8,2019:12:20 04:08:53-08:00,WAV,WAV,audio/x-wav,0.5920932293
21789,AM-2,248C7D075B2BF148,GRABADOR-SDZG-AM-2/20190615_150000.WAV,GRABADOR-SDZG-AM-2,20190615_150000.WAV,46080360,1.0,1.0,384000.0,768000.0,16.0,2019-06-15 15:00:00,60.00046875,,Recorded at 15:00:00 15/06/2019 (UTC) by AudioMoth 248C7D075B2BF148 at gain setting 2 while battery state was 4.8V.,AudioMoth 248C7D075B2BF148,2019:12:08 04:37:12-08:00,WAV,WAV,audio/x-wav,0.9882938862
21805,AM-2,248C7D075B2BF148,GRABADOR-SDZG-AM-2/20190615_174000.WAV,GRABADOR-SDZG-AM-2,20190615_174000.WAV,46080360,1.0,1.0,384000.0,768000.0,16.0,2019-06-15 17:40:00,60.00046875,,Recorded at 17:40:00 15/06/2019 (UTC) by AudioMoth 248C7D075B2BF148 at gain setting 2 while battery state was 4.7V.,AudioMoth 248C7D075B2BF148,2019:12:08 04:38:35-08:00,WAV,WAV,audio/x-wav,0.9662616253
21816,AM-2,248C7D075B2BF148,GRABADOR-SDZG-AM-2/20190615_193000.WAV,GRABADOR-SDZG-AM-2,20190615_193000.WAV,46080360,1.0,1.0,384000.0,768000.0,16.0,2019-06-15 19:30:00,60.00046875,,Recorded at 19:30:00 15/06/2019 (UTC) by AudioMoth 248C7D075B2BF148 at gain setting 2 while battery state was 4.7V.,AudioMoth 248C7D075B2BF148,2019:12:08 04:39:32-08:00,WAV,WAV,audio/x-wav,0.9823117256
21819,AM-2,248C7D075B2BF148,GRABADOR-SDZG-AM-2/20190615_200000.WAV,GRABADOR-SDZG-AM-2,20190615_200000.WAV,46080360,1.0,1.0,384000.0,768000.0,16.0,2019-06-15 20:00:00,60.00046875,,Recorded at 20:00:00 15/06/2019 (UTC) by AudioMoth 248C7D075B2BF148 at gain setting 2 while battery state was 4.7V.,AudioMoth 248C7D075B2BF148,2019:12:08 04:39:47-08:00,WAV,WAV,audio/x-wav,0.5534752607
21825,AM-2,248C7D075B2BF148,GRABADOR-SDZG-AM-2/20190615_210000.WAV,GRABADOR-SDZG-AM-2,20190615_210000.WAV,46080360,1.0,1.0,384000.0,768000.0,16.0,2019-06-15 21:00:00,60.00046875,,Recorded at 21:00:00 15/06/2019 (UTC) by AudioMoth 248C7D075B2BF148 at gain setting 2 while battery state was 4.7V.,AudioMoth 248C7D075B2BF148,2019:12:08 04:40:18-08:00,WAV,WAV,audio/x-wav,0.986500144
21831,AM-2,248C7D075B2BF148,GRABADOR-SDZG-AM-2/20190615_220000.WAV,GRABADOR-SDZG-AM-2,20190615_220000.WAV,46080360,1.0,1.0,384000.0,768000.0,16.0,2019-06-15 22:00:00,60.00046875,,Recorded at 22:00:00 15/06/2019 (UTC) by AudioMoth 248C7D075B2BF148 at gain setting 2 while battery state was 4.7V.,AudioMoth 248C7D075B2BF148,2019:12:08 04:40:49-08:00,WAV,WAV,audio/x-wav,0.9932478666
21865,AM-2,248C7D075B2BF148,GRABADOR-SDZG-AM-2/20190616_034000.WAV,GRABADOR-SDZG-AM-2,20190616_034000.WAV,46080360,1.0,1.0,384000.0,768000.0,16.0,2019-06-16 3:40:00,60.00046875,,Recorded at 03:40:00 16/06/2019 (UTC) by AudioMoth 248C7D075B2BF148 at gain setting 2 while battery state was 4.6V.,AudioMoth 248C7D075B2BF148,2019:12:08 04:43:45-08:00,WAV,WAV,audio/x-wav,0.8152338266
21870,AM-2,248C7D075B2BF148,GRABADOR-SDZG-AM-2/20190616_043000.WAV,GRABADOR-SDZG-AM-2,20190616_043000.WAV,46080360,1.0,1.0,384000.0,768000.0,16.0,2019-06-16 4:30:00,60.00046875,,Recorded at 04:30:00 16/06/2019 (UTC) by AudioMoth 248C7D075B2BF148 at gain setting 2 while battery state was 4.6V.,AudioMoth 248C7D075B2BF148,2019:12:08 04:44:11-08:00,WAV,WAV,audio/x-wav,0.944704175
21873,AM-2,248C7D075B2BF148,GRABADOR-SDZG-AM-2/20190616_050000.WAV,GRABADOR-SDZG-AM-2,20190616_050000.WAV,46080360,1.0,1.0,384000.0,768000.0,16.0,2019-06-16 5:00:00,60.00046875,,Recorded at 05:00:00 16/06/2019 (UTC) by AudioMoth 248C7D075B2BF148 at gain setting 2 while battery state was 4.6V.,AudioMoth 248C7D075B2BF148,2019:12:08 04:44:26-08:00,WAV,WAV,audio/x-wav,0.9856672883
21881,AM-2,248C7D075B2BF148,GRABADOR-SDZG-AM-2/20190616_062000.WAV,GRABADOR-SDZG-AM-2,20190616_062000.WAV,46080360,1.0,1.0,384000.0,768000.0,16.0,2019-06-16 6:20:00,60.00046875,,Recorded at 06:20:00 16/06/2019 (UTC) by AudioMoth 248C7D075B2BF148 at gain setting 2 while battery state was 4.6V.,AudioMoth 248C7D075B2BF148,2019:12:08 04:45:08-08:00,WAV,WAV,audio/x-wav,0.8184534311
21901,AM-2,248C7D075B2BF148,GRABADOR-SDZG-AM-2/20190616_094000.WAV,GRABADOR-SDZG-AM-2,20190616_094000.WAV,46080360,1.0,1.0,384000.0,768000.0,16.0,2019-06-16 9:40:00,60.00046875,,Recorded at 09:40:00 16/06/2019 (UTC) by AudioMoth 248C7D075B2BF148 at gain setting 2 while battery state was 4.5V.,AudioMoth 248C7D075B2BF148,2019:12:08 04:46:51-08:00,WAV,WAV,audio/x-wav,0.8546245098
21909,AM-2,248C7D075B2BF148,GRABADOR-SDZG-AM-2/20190616_110000.WAV,GRABADOR-SDZG-AM-2,20190616_110000.WAV,46080360,1.0,1.0,384000.0,768000.0,16.0,2019-06-16 11:00:00,60.00046875,,Recorded at 11:00:00 16/06/2019 (UTC) by AudioMoth 248C7D075B2BF148 at gain setting 2 while battery state was 4.5V.,AudioMoth 248C7D075B2BF148,2019:12:08 04:47:33-08:00,WAV,WAV,audio/x-wav,0.9572082758
21915,AM-2,248C7D075B2BF148,GRABADOR-SDZG-AM-2/20190616_120000.WAV,GRABADOR-SDZG-AM-2,20190616_120000.WAV,46080360,1.0,1.0,384000.0,768000.0,16.0,2019-06-16 12:00:00,60.00046875,,Recorded at 12:00:00 16/06/2019 (UTC) by AudioMoth 248C7D075B2BF148 at gain setting 2 while battery state was 4.5V.,AudioMoth 248C7D075B2BF148,2019:12:08 04:48:04-08:00,WAV,WAV,audio/x-wav,0.5994807482
21922,AM-2,248C7D075B2BF148,GRABADOR-SDZG-AM-2/20190616_131000.WAV,GRABADOR-SDZG-AM-2,20190616_131000.WAV,46080360,1.0,1.0,384000.0,768000.0,16.0,2019-06-16 13:10:00,60.00046875,,Recorded at 13:10:00 16/06/2019 (UTC) by AudioMoth 248C7D075B2BF148 at gain setting 2 while battery state was 4.5V.,AudioMoth 248C7D075B2BF148,2019:12:08 04:48:40-08:00,WAV,WAV,audio/x-wav,0.9920959473
21927,AM-2,248C7D075B2BF148,GRABADOR-SDZG-AM-2/20190616_140000.WAV,GRABADOR-SDZG-AM-2,20190616_140000.WAV,46080360,1.0,1.0,384000.0,768000.0,16.0,2019-06-16 14:00:00,60.00046875,,Recorded at 14:00:00 16/06/2019 (UTC) by AudioMoth 248C7D075B2BF148 at gain setting 2 while battery state was 4.5V.,AudioMoth 248C7D075B2BF148,2019:12:08 04:49:05-08:00,WAV,WAV,audio/x-wav,0.9929864407
21940,AM-2,248C7D075B2BF148,GRABADOR-SDZG-AM-2/20190616_161000.WAV,GRABADOR-SDZG-AM-2,20190616_161000.WAV,46080360,1.0,1.0,384000.0,768000.0,16.0,2019-06-16 16:10:00,60.00046875,,Recorded at 16:10:00 16/06/2019 (UTC) by AudioMoth 248C7D075B2BF148 at gain setting 2 while battery state was 4.5V.,AudioMoth 248C7D075B2BF148,2019:12:08 04:50:13-08:00,WAV,WAV,audio/x-wav,0.9037203789
21954,AM-2,248C7D075B2BF148,GRABADOR-SDZG-AM-2/20190616_183000.WAV,GRABADOR-SDZG-AM-2,20190616_183000.WAV,46080360,1.0,1.0,384000.0,768000.0,16.0,2019-06-16 18:30:00,60.00046875,,Recorded at 18:30:00 16/06/2019 (UTC) by AudioMoth 248C7D075B2BF148 at gain setting 2 while battery state was 4.5V.,AudioMoth 248C7D075B2BF148,2019:12:08 04:51:25-08:00,WAV,WAV,audio/x-wav,0.6927572489
22051,AM-2,248C7D075B2BF148,GRABADOR-SDZG-AM-2/20190617_104000.WAV,GRABADOR-SDZG-AM-2,20190617_104000.WAV,46080360,1.0,1.0,384000.0,768000.0,16.0,2019-06-17 10:40:00,60.00046875,,Recorded at 10:40:00 17/06/2019 (UTC) by AudioMoth 248C7D075B2BF148 at gain setting 2 while battery state was 4.4V.,AudioMoth 248C7D075B2BF148,2019:12:08 04:59:47-08:00,WAV,WAV,audio/x-wav,0.9771879911
22147,AM-2,248C7D075B2BF148,GRABADOR-SDZG-AM-2/20190618_024000.WAV,GRABADOR-SDZG-AM-2,20190618_024000.WAV,46080360,1.0,1.0,384000.0,768000.0,16.0,2019-06-18 2:40:00,60.00046875,,Recorded at 02:40:00 18/06/2019 (UTC) by AudioMoth 248C7D075B2BF148 at gain setting 2 while battery state was 4.4V.,AudioMoth 248C7D075B2BF148,2019:12:08 05:08:02-08:00,WAV,WAV,audio/x-wav,0.7911120057
22176,AM-2,248C7D075B2BF148,GRABADOR-SDZG-AM-2/20190618_073000.WAV,GRABADOR-SDZG-AM-2,20190618_073000.WAV,46080360,1.0,1.0,384000.0,768000.0,16.0,2019-06-18 7:30:00,60.00046875,,Recorded at 07:30:00 18/06/2019 (UTC) by AudioMoth 248C7D075B2BF148 at gain setting 2 while battery state was 4.4V.,AudioMoth 248C7D075B2BF148,2019:12:08 05:10:33-08:00,WAV,WAV,audio/x-wav,0.8615167737
22757,AM-2,248C7D075B2BF148,GRABADOR-SDZG-AM-2/20190622_082000.WAV,GRABADOR-SDZG-AM-2,20190622_082000.WAV,46080360,1.0,1.0,384000.0,768000.0,16.0,2019-06-22 8:20:00,60.00046875,,Recorded at 08:20:00 22/06/2019 (UTC) by AudioMoth 248C7D075B2BF148 at gain setting 2 while battery state was 4.2V.,AudioMoth 248C7D075B2BF148,2019:12:08 06:00:38-08:00,WAV,WAV,audio/x-wav,0.5123273134
23712,AM-2,248C7D075B2BF148,GRABADOR-SDZG-AM-2/20190628_233000.WAV,GRABADOR-SDZG-AM-2,20190628_233000.WAV,46080360,1.0,1.0,384000.0,768000.0,16.0,2019-06-28 23:30:00,60.00046875,,Recorded at 23:30:00 28/06/2019 (UTC) by AudioMoth 248C7D075B2BF148 at gain setting 2 while battery state was 4.0V.,AudioMoth 248C7D075B2BF148,2019:12:08 07:23:10-08:00,WAV,WAV,audio/x-wav,0.542320013
24297,AM-2,248C7D075B2BF148,GRABADOR-SDZG-AM-2/20190703_010000.WAV,GRABADOR-SDZG-AM-2,20190703_010000.WAV,46080360,1.0,1.0,384000.0,768000.0,16.0,2019-07-03 1:00:00,60.00046875,,Recorded at 01:00:00 03/07/2019 (UTC) by AudioMoth 248C7D075B2BF148 at gain setting 2 while battery state was 3.7V.,AudioMoth 248C7D075B2BF148,2019:12:08 08:13:45-08:00,WAV,WAV,audio/x-wav,0.5494558215
24438,AM-2,248C7D075B2BF148,GRABADOR-SDZG-AM-2/20190704_003000.WAV,GRABADOR-SDZG-AM-2,20190704_003000.WAV,46080360,1.0,1.0,384000.0,768000.0,16.0,2019-07-04 0:30:00,60.00046875,,Recorded at 00:30:00 04/07/2019 (UTC) by AudioMoth 248C7D075B2BF148 at gain setting 2 while battery state was 3.6V.,AudioMoth 248C7D075B2BF148,2019:12:08 08:25:56-08:00,WAV,WAV,audio/x-wav,0.5671987534
27367,AM-22,247AA5015BA446DA,GRABADOR-SDZG-AM-22/20190621_174000.WAV,GRABADOR-SDZG-AM-22,20190621_174000.WAV,46080360,1.0,1.0,384000.0,768000.0,16.0,2019-06-21 17:40:00,60.00046875,,Recorded at 17:40:00 21/06/2019 (UTC) by AudioMoth 247AA5015BA446DA at gain setting 2 while battery state was 4.7V.,AudioMoth 247AA5015BA446DA,2019:12:10 19:00:06-08:00,WAV,WAV,audio/x-wav,0.9371678233
27371,AM-22,247AA5015BA446DA,GRABADOR-SDZG-AM-22/20190621_182000.WAV,GRABADOR-SDZG-AM-22,20190621_182000.WAV,46080360,1.0,1.0,384000.0,768000.0,16.0,2019-06-21 18:20:00,60.00046875,,Recorded at 18:20:00 21/06/2019 (UTC) by AudioMoth 247AA5015BA446DA at gain setting 2 while battery state was 4.7V.,AudioMoth 247AA5015BA446DA,2019:12:10 19:00:27-08:00,WAV,WAV,audio/x-wav,0.9880942106
27375,AM-22,247AA5015BA446DA,GRABADOR-SDZG-AM-22/20190621_190000.WAV,GRABADOR-SDZG-AM-22,20190621_190000.WAV,46080360,1.0,1.0,384000.0,768000.0,16.0,2019-06-21 19:00:00,60.00046875,,Recorded at 19:00:00 21/06/2019 (UTC) by AudioMoth 247AA5015BA446DA at gain setting 2 while battery state was 4.7V.,AudioMoth 247AA5015BA446DA,2019:12:10 19:00:48-08:00,WAV,WAV,audio/x-wav,0.9285476804
27383,AM-22,247AA5015BA446DA,GRABADOR-SDZG-AM-22/20190621_202000.WAV,GRABADOR-SDZG-AM-22,20190621_202000.WAV,46080360,1.0,1.0,384000.0,768000.0,16.0,2019-06-21 20:20:00,60.00046875,,Recorded at 20:20:00 21/06/2019 (UTC) by AudioMoth 247AA5015BA446DA at gain setting 2 while battery state was 4.7V.,AudioMoth 247AA5015BA446DA,2019:12:10 19:01:29-08:00,WAV,WAV,audio/x-wav,0.9923585653
27387,AM-22,247AA5015BA446DA,GRABADOR-SDZG-AM-22/20190621_210000.WAV,GRABADOR-SDZG-AM-22,20190621_210000.WAV,46080360,1.0,1.0,384000.0,768000.0,16.0,2019-06-21 21:00:00,60.00046875,,Recorded at 21:00:00 21/06/2019 (UTC) by AudioMoth 247AA5015BA446DA at gain setting 2 while battery state was 4.7V.,AudioMoth 247AA5015BA446DA,2019:12:10 19:01:50-08:00,WAV,WAV,audio/x-wav,0.9923893809
27394,AM-22,247AA5015BA446DA,GRABADOR-SDZG-AM-22/20190621_221000.WAV,GRABADOR-SDZG-AM-22,20190621_221000.WAV,46080360,1.0,1.0,384000.0,768000.0,16.0,2019-06-21 22:10:00,60.00046875,,Recorded at 22:10:00 21/06/2019 (UTC) by AudioMoth 247AA5015BA446DA at gain setting 2 while battery state was 4.7V.,AudioMoth 247AA5015BA446DA,2019:12:10 19:02:26-08:00,WAV,WAV,audio/x-wav,0.9334728718
27412,AM-22,247AA5015BA446DA,GRABADOR-SDZG-AM-22/20190622_011000.WAV,GRABADOR-SDZG-AM-22,20190622_011000.WAV,46080360,1.0,1.0,384000.0,768000.0,16.0,2019-06-22 1:10:00,60.00046875,,Recorded at 01:10:00 22/06/2019 (UTC) by AudioMoth 247AA5015BA446DA at gain setting 2 while battery state was 4.6V.,AudioMoth 247AA5015BA446DA,2019:12:10 19:03:59-08:00,WAV,WAV,audio/x-wav,0.5348622799
27418,AM-22,247AA5015BA446DA,GRABADOR-SDZG-AM-22/20190622_021000.WAV,GRABADOR-SDZG-AM-22,20190622_021000.WAV,46080360,1.0,1.0,384000.0,768000.0,16.0,2019-06-22 2:10:00,60.00046875,,Recorded at 02:10:00 22/06/2019 (UTC) by AudioMoth 247AA5015BA446DA at gain setting 2 while battery state was 4.6V.,AudioMoth 247AA5015BA446DA,2019:12:10 19:04:30-08:00,WAV,WAV,audio/x-wav,0.83043015
27423,AM-22,247AA5015BA446DA,GRABADOR-SDZG-AM-22/20190622_030000.WAV,GRABADOR-SDZG-AM-22,20190622_030000.WAV,46080360,1.0,1.0,384000.0,768000.0,16.0,2019-06-22 3:00:00,60.00046875,,Recorded at 03:00:00 22/06/2019 (UTC) by AudioMoth 247AA5015BA446DA at gain setting 2 while battery state was 4.6V.,AudioMoth 247AA5015BA446DA,2019:12:10 19:04:55-08:00,WAV,WAV,audio/x-wav,0.8991297483
27431,AM-22,247AA5015BA446DA,GRABADOR-SDZG-AM-22/20190622_042000.WAV,GRABADOR-SDZG-AM-22,20190622_042000.WAV,46080360,1.0,1.0,384000.0,768000.0,16.0,2019-06-22 4:20:00,60.00046875,,Recorded at 04:20:00 22/06/2019 (UTC) by AudioMoth 247AA5015BA446DA at gain setting 2 while battery state was 4.6V.,AudioMoth 247AA5015BA446DA,2019:12:10 19:05:37-08:00,WAV,WAV,audio/x-wav,0.6500706673
27435,AM-22,247AA5015BA446DA,GRABADOR-SDZG-AM-22/20190622_050000.WAV,GRABADOR-SDZG-AM-22,20190622_050000.WAV,46080360,1.0,1.0,384000.0,768000.0,16.0,2019-06-22 5:00:00,60.00046875,,Recorded at 05:00:00 22/06/2019 (UTC) by AudioMoth 247AA5015BA446DA at gain setting 2 while battery state was 4.6V.,AudioMoth 247AA5015BA446DA,2019:12:10 19:05:57-08:00,WAV,WAV,audio/x-wav,0.5522603989
27441,AM-22,247AA5015BA446DA,GRABADOR-SDZG-AM-22/20190622_060000.WAV,GRABADOR-SDZG-AM-22,20190622_060000.WAV,46080360,1.0,1.0,384000.0,768000.0,16.0,2019-06-22 6:00:00,60.00046875,,Recorded at 06:00:00 22/06/2019 (UTC) by AudioMoth 247AA5015BA446DA at gain setting 2 while battery state was 4.6V.,AudioMoth 247AA5015BA446DA,2019:12:10 19:06:28-08:00,WAV,WAV,audio/x-wav,0.8269791603
27448,AM-22,247AA5015BA446DA,GRABADOR-SDZG-AM-22/20190622_071000.WAV,GRABADOR-SDZG-AM-22,20190622_071000.WAV,46080360,1.0,1.0,384000.0,768000.0,16.0,2019-06-22 7:10:00,60.00046875,,Recorded at 07:10:00 22/06/2019 (UTC) by AudioMoth 247AA5015BA446DA at gain setting 2 while battery state was 4.6V.,AudioMoth 247AA5015BA446DA,2019:12:10 19:07:04-08:00,WAV,WAV,audio/x-wav,0.815936923
27454,AM-22,247AA5015BA446DA,GRABADOR-SDZG-AM-22/20190622_081000.WAV,GRABADOR-SDZG-AM-22,20190622_081000.WAV,46080360,1.0,1.0,384000.0,768000.0,16.0,2019-06-22 8:10:00,60.00046875,,Recorded at 08:10:00 22/06/2019 (UTC) by AudioMoth 247AA5015BA446DA at gain setting 2 while battery state was 4.6V.,AudioMoth 247AA5015BA446DA,2019:12:10 19:07:35-08:00,WAV,WAV,audio/x-wav,0.5499384999
27459,AM-22,247AA5015BA446DA,GRABADOR-SDZG-AM-22/20190622_090000.WAV,GRABADOR-SDZG-AM-22,20190622_090000.WAV,46080360,1.0,1.0,384000.0,768000.0,16.0,2019-06-22 9:00:00,60.00046875,,Recorded at 09:00:00 22/06/2019 (UTC) by AudioMoth 247AA5015BA446DA at gain setting 2 while battery state was 4.5V.,AudioMoth 247AA5015BA446DA,2019:12:10 19:08:01-08:00,WAV,WAV,audio/x-wav,0.8067814112
27467,AM-22,247AA5015BA446DA,GRABADOR-SDZG-AM-22/20190622_102000.WAV,GRABADOR-SDZG-AM-22,20190622_102000.WAV,46080360,1.0,1.0,384000.0,768000.0,16.0,2019-06-22 10:20:00,60.00046875,,Recorded at 10:20:00 22/06/2019 (UTC) by AudioMoth 247AA5015BA446DA at gain setting 2 while battery state was 4.5V.,AudioMoth 247AA5015BA446DA,2019:12:10 19:08:43-08:00,WAV,WAV,audio/x-wav,0.9938941002
27471,AM-22,247AA5015BA446DA,GRABADOR-SDZG-AM-22/20190622_110000.WAV,GRABADOR-SDZG-AM-22,20190622_110000.WAV,46080360,1.0,1.0,384000.0,768000.0,16.0,2019-06-22 11:00:00,60.00046875,,Recorded at 11:00:00 22/06/2019 (UTC) by AudioMoth 247AA5015BA446DA at gain setting 2 while battery state was 4.5V.,AudioMoth 247AA5015BA446DA,2019:12:10 19:09:03-08:00,WAV,WAV,audio/x-wav,0.6136831641
27478,AM-22,247AA5015BA446DA,GRABADOR-SDZG-AM-22/20190622_121000.WAV,GRABADOR-SDZG-AM-22,20190622_121000.WAV,46080360,1.0,1.0,384000.0,768000.0,16.0,2019-06-22 12:10:00,60.00046875,,Recorded at 12:10:00 22/06/2019 (UTC) by AudioMoth 247AA5015BA446DA at gain setting 2 while battery state was 4.5V.,AudioMoth 247AA5015BA446DA,2019:12:10 19:09:39-08:00,WAV,WAV,audio/x-wav,0.7211743593
27491,AM-22,247AA5015BA446DA,GRABADOR-SDZG-AM-22/20190622_142000.WAV,GRABADOR-SDZG-AM-22,20190622_142000.WAV,46080360,1.0,1.0,384000.0,768000.0,16.0,2019-06-22 14:20:00,60.00046875,,Recorded at 14:20:00 22/06/2019 (UTC) by AudioMoth 247AA5015BA446DA at gain setting 2 while battery state was 4.5V.,AudioMoth 247AA5015BA446DA,2019:12:10 19:10:47-08:00,WAV,WAV,audio/x-wav,0.926368475
27495,AM-22,247AA5015BA446DA,GRABADOR-SDZG-AM-22/20190622_150000.WAV,GRABADOR-SDZG-AM-22,20190622_150000.WAV,46080360,1.0,1.0,384000.0,768000.0,16.0,2019-06-22 15:00:00,60.00046875,,Recorded at 15:00:00 22/06/2019 (UTC) by AudioMoth 247AA5015BA446DA at gain setting 2 while battery state was 4.5V.,AudioMoth 247AA5015BA446DA,2019:12:10 19:11:07-08:00,WAV,WAV,audio/x-wav,0.7990732193
27501,AM-22,247AA5015BA446DA,GRABADOR-SDZG-AM-22/20190622_160000.WAV,GRABADOR-SDZG-AM-22,20190622_160000.WAV,46080360,1.0,1.0,384000.0,768000.0,16.0,2019-06-22 16:00:00,60.00046875,,Recorded at 16:00:00 22/06/2019 (UTC) by AudioMoth 247AA5015BA446DA at gain setting 2 while battery state was 4.5V.,AudioMoth 247AA5015BA446DA,2019:12:10 19:11:38-08:00,WAV,WAV,audio/x-wav,0.9654993415
27547,AM-22,247AA5015BA446DA,GRABADOR-SDZG-AM-22/20190622_234000.WAV,GRABADOR-SDZG-AM-22,20190622_234000.WAV,46080360,1.0,1.0,384000.0,768000.0,16.0,2019-06-22 23:40:00,60.00046875,,Recorded at 23:40:00 22/06/2019 (UTC) by AudioMoth 247AA5015BA446DA at gain setting 2 while battery state was 4.5V.,AudioMoth 247AA5015BA446DA,2019:12:10 19:15:36-08:00,WAV,WAV,audio/x-wav,0.7783542871
27629,AM-22,247AA5015BA446DA,GRABADOR-SDZG-AM-22/20190623_132000.WAV,GRABADOR-SDZG-AM-22,20190623_132000.WAV,46080360,1.0,1.0,384000.0,768000.0,16.0,2019-06-23 13:20:00,60.00046875,,Recorded at 13:20:00 23/06/2019 (UTC) by AudioMoth 247AA5015BA446DA at gain setting 2 while battery state was 4.4V.,AudioMoth 247AA5015BA446DA,2019:12:10 19:22:39-08:00,WAV,WAV,audio/x-wav,0.8244581223
27694,AM-22,247AA5015BA446DA,GRABADOR-SDZG-AM-22/20190624_001000.WAV,GRABADOR-SDZG-AM-22,20190624_001000.WAV,46080360,1.0,1.0,384000.0,768000.0,16.0,2019-06-24 0:10:00,60.00046875,,Recorded at 00:10:00 24/06/2019 (UTC) by AudioMoth 247AA5015BA446DA at gain setting 2 while battery state was 4.4V.,AudioMoth 247AA5015BA446DA,2019:12:10 19:28:15-08:00,WAV,WAV,audio/x-wav,0.8454341888
34883,AM-24,243B1F075C79FAFC,GRABADOR-SDZG-AM-24/20190615_160000.WAV,GRABADOR-SDZG-AM-24,20190615_160000.WAV,46080360,1.0,1.0,384000.0,768000.0,16.0,2019-06-15 16:00:00,60.00046875,,Recorded at 16:00:00 15/06/2019 (UTC) by AudioMoth 243B1F075C79FAFC at gain setting 2 while battery state was 4.7V.,AudioMoth 243B1F075C79FAFC,2019:12:09 02:34:25-08:00,WAV,WAV,audio/x-wav,0.9693733454
34889,AM-24,243B1F075C79FAFC,GRABADOR-SDZG-AM-24/20190615_170000.WAV,GRABADOR-SDZG-AM-24,20190615_170000.WAV,46080360,1.0,1.0,384000.0,768000.0,16.0,2019-06-15 17:00:00,60.00046875,,Recorded at 17:00:00 15/06/2019 (UTC) by AudioMoth 243B1F075C79FAFC at gain setting 2 while battery state was 4.7V.,AudioMoth 243B1F075C79FAFC,2019:12:09 02:34:56-08:00,WAV,WAV,audio/x-wav,0.9897956848
34901,AM-24,243B1F075C79FAFC,GRABADOR-SDZG-AM-24/20190615_190000.WAV,GRABADOR-SDZG-AM-24,20190615_190000.WAV,46080360,1.0,1.0,384000.0,768000.0,16.0,2019-06-15 19:00:00,60.00046875,,Recorded at 19:00:00 15/06/2019 (UTC) by AudioMoth 243B1F075C79FAFC at gain setting 2 while battery state was 4.7V.,AudioMoth 243B1F075C79FAFC,2019:12:09 02:35:58-08:00,WAV,WAV,audio/x-wav,0.7453889847
34910,AM-24,243B1F075C79FAFC,GRABADOR-SDZG-AM-24/20190615_203000.WAV,GRABADOR-SDZG-AM-24,20190615_203000.WAV,46080360,1.0,1.0,384000.0,768000.0,16.0,2019-06-15 20:30:00,60.00046875,,Recorded at 20:30:00 15/06/2019 (UTC) by AudioMoth 243B1F075C79FAFC at gain setting 2 while battery state was 4.7V.,AudioMoth 243B1F075C79FAFC,2019:12:09 02:36:44-08:00,WAV,WAV,audio/x-wav,0.9878306389
34914,AM-24,243B1F075C79FAFC,GRABADOR-SDZG-AM-24/20190615_211000.WAV,GRABADOR-SDZG-AM-24,20190615_211000.WAV,46080360,1.0,1.0,384000.0,768000.0,16.0,2019-06-15 21:10:00,60.00046875,,Recorded at 21:10:00 15/06/2019 (UTC) by AudioMoth 243B1F075C79FAFC at gain setting 2 while battery state was 4.7V.,AudioMoth 243B1F075C79FAFC,2019:12:09 02:37:05-08:00,WAV,WAV,audio/x-wav,0.9878686666
34919,AM-24,243B1F075C79FAFC,GRABADOR-SDZG-AM-24/20190615_220000.WAV,GRABADOR-SDZG-AM-24,20190615_220000.WAV,46080360,1.0,1.0,384000.0,768000.0,16.0,2019-06-15 22:00:00,60.00046875,,Recorded at 22:00:00 15/06/2019 (UTC) by AudioMoth 243B1F075C79FAFC at gain setting 2 while battery state was 4.7V.,AudioMoth 243B1F075C79FAFC,2019:12:09 02:37:30-08:00,WAV,WAV,audio/x-wav,0.6513563991
34926,AM-24,243B1F075C79FAFC,GRABADOR-SDZG-AM-24/20190615_231000.WAV,GRABADOR-SDZG-AM-24,20190615_231000.WAV,46080360,1.0,1.0,384000.0,768000.0,16.0,2019-06-15 23:10:00,60.00046875,,Recorded at 23:10:00 15/06/2019 (UTC) by AudioMoth 243B1F075C79FAFC at gain setting 2 while battery state was 4.6V.,AudioMoth 243B1F075C79FAFC,2019:12:09 02:38:06-08:00,WAV,WAV,audio/x-wav,0.6725927591
34940,AM-24,243B1F075C79FAFC,GRABADOR-SDZG-AM-24/20190616_013000.WAV,GRABADOR-SDZG-AM-24,20190616_013000.WAV,46080360,1.0,1.0,384000.0,768000.0,16.0,2019-06-16 1:30:00,60.00046875,,Recorded at 01:30:00 16/06/2019 (UTC) by AudioMoth 243B1F075C79FAFC at gain setting 2 while battery state was 4.6V.,AudioMoth 243B1F075C79FAFC,2019:12:09 02:39:18-08:00,WAV,WAV,audio/x-wav,0.7048339248
34987,AM-24,243B1F075C79FAFC,GRABADOR-SDZG-AM-24/20190616_092000.WAV,GRABADOR-SDZG-AM-24,20190616_092000.WAV,46080360,1.0,1.0,384000.0,768000.0,16.0,2019-06-16 9:20:00,60.00046875,,Recorded at 09:20:00 16/06/2019 (UTC) by AudioMoth 243B1F075C79FAFC at gain setting 2 while battery state was 4.5V.,AudioMoth 243B1F075C79FAFC,2019:12:09 02:43:20-08:00,WAV,WAV,audio/x-wav,0.9279547334
34995,AM-24,243B1F075C79FAFC,GRABADOR-SDZG-AM-24/20190616_104000.WAV,GRABADOR-SDZG-AM-24,20190616_104000.WAV,46080360,1.0,1.0,384000.0,768000.0,16.0,2019-06-16 10:40:00,60.00046875,,Recorded at 10:40:00 16/06/2019 (UTC) by AudioMoth 243B1F075C79FAFC at gain setting 2 while battery state was 4.5V.,AudioMoth 243B1F075C79FAFC,2019:12:09 02:44:02-08:00,WAV,WAV,audio/x-wav,0.9834896326
34997,AM-24,243B1F075C79FAFC,GRABADOR-SDZG-AM-24/20190616_110000.WAV,GRABADOR-SDZG-AM-24,20190616_110000.WAV,46080360,1.0,1.0,384000.0,768000.0,16.0,2019-06-16 11:00:00,60.00046875,,Recorded at 11:00:00 16/06/2019 (UTC) by AudioMoth 243B1F075C79FAFC at gain setting 2 while battery state was 4.5V.,AudioMoth 243B1F075C79FAFC,2019:12:09 02:44:12-08:00,WAV,WAV,audio/x-wav,0.9934430122
35003,AM-24,243B1F075C79FAFC,GRABADOR-SDZG-AM-24/20190616_120000.WAV,GRABADOR-SDZG-AM-24,20190616_120000.WAV,46080360,1.0,1.0,384000.0,768000.0,16.0,2019-06-16 12:00:00,60.00046875,,Recorded at 12:00:00 16/06/2019 (UTC) by AudioMoth 243B1F075C79FAFC at gain setting 2 while battery state was 4.5V.,AudioMoth 243B1F075C79FAFC,2019:12:09 02:44:43-08:00,WAV,WAV,audio/x-wav,0.9864792824
35009,AM-24,243B1F075C79FAFC,GRABADOR-SDZG-AM-24/20190616_130000.WAV,GRABADOR-SDZG-AM-24,20190616_130000.WAV,46080360,1.0,1.0,384000.0,768000.0,16.0,2019-06-16 13:00:00,60.00046875,,Recorded at 13:00:00 16/06/2019 (UTC) by AudioMoth 243B1F075C79FAFC at gain setting 2 while battery state was 4.5V.,AudioMoth 243B1F075C79FAFC,2019:12:09 02:45:14-08:00,WAV,WAV,audio/x-wav,0.9879664779
35015,AM-24,243B1F075C79FAFC,GRABADOR-SDZG-AM-24/20190616_140000.WAV,GRABADOR-SDZG-AM-24,20190616_140000.WAV,46080360,1.0,1.0,384000.0,768000.0,16.0,2019-06-16 14:00:00,60.00046875,,Recorded at 14:00:00 16/06/2019 (UTC) by AudioMoth 243B1F075C79FAFC at gain setting 2 while battery state was 4.5V.,AudioMoth 243B1F075C79FAFC,2019:12:09 02:45:45-08:00,WAV,WAV,audio/x-wav,0.9912088513
35021,AM-24,243B1F075C79FAFC,GRABADOR-SDZG-AM-24/20190616_150000.WAV,GRABADOR-SDZG-AM-24,20190616_150000.WAV,46080360,1.0,1.0,384000.0,768000.0,16.0,2019-06-16 15:00:00,60.00046875,,Recorded at 15:00:00 16/06/2019 (UTC) by AudioMoth 243B1F075C79FAFC at gain setting 2 while battery state was 4.5V.,AudioMoth 243B1F075C79FAFC,2019:12:09 02:46:16-08:00,WAV,WAV,audio/x-wav,0.9783799648
35039,AM-24,243B1F075C79FAFC,GRABADOR-SDZG-AM-24/20190616_180000.WAV,GRABADOR-SDZG-AM-24,20190616_180000.WAV,46080360,1.0,1.0,384000.0,768000.0,16.0,2019-06-16 18:00:00,60.00046875,,Recorded at 18:00:00 16/06/2019 (UTC) by AudioMoth 243B1F075C79FAFC at gain setting 2 while battery state was 4.5V.,AudioMoth 243B1F075C79FAFC,2019:12:09 02:47:48-08:00,WAV,WAV,audio/x-wav,0.5338458419
35219,AM-24,243B1F075C79FAFC,GRABADOR-SDZG-AM-24/20190618_000000.WAV,GRABADOR-SDZG-AM-24,20190618_000000.WAV,46080360,1.0,1.0,384000.0,768000.0,16.0,2019-06-18 0:00:00,60.00046875,,Recorded at 00:00:00 18/06/2019 (UTC) by AudioMoth 243B1F075C79FAFC at gain setting 2 while battery state was 4.4V.,AudioMoth 243B1F075C79FAFC,2019:12:09 03:03:16-08:00,WAV,WAV,audio/x-wav,0.6976655126
35238,AM-24,243B1F075C79FAFC,GRABADOR-SDZG-AM-24/20190618_031000.WAV,GRABADOR-SDZG-AM-24,20190618_031000.WAV,46080360,1.0,1.0,384000.0,768000.0,16.0,2019-06-18 3:10:00,60.00046875,,Recorded at 03:10:00 18/06/2019 (UTC) by AudioMoth 243B1F075C79FAFC at gain setting 2 while battery state was 4.4V.,AudioMoth 243B1F075C79FAFC,2019:12:09 03:04:55-08:00,WAV,WAV,audio/x-wav,0.7499165535
35407,AM-24,243B1F075C79FAFC,GRABADOR-SDZG-AM-24/20190619_072000.WAV,GRABADOR-SDZG-AM-24,20190619_072000.WAV,46080360,1.0,1.0,384000.0,768000.0,16.0,2019-06-19 7:20:00,60.00046875,,Recorded at 07:20:00 19/06/2019 (UTC) by AudioMoth 243B1F075C79FAFC at gain setting 2 while battery state was 4.4V.,AudioMoth 243B1F075C79FAFC,2019:12:09 03:19:26-08:00,WAV,WAV,audio/x-wav,0.6146549582
35819,AM-24,243B1F075C79FAFC,GRABADOR-SDZG-AM-24/20190622_040000.WAV,GRABADOR-SDZG-AM-24,20190622_040000.WAV,46080360,1.0,1.0,384000.0,768000.0,16.0,2019-06-22 4:00:00,60.00046875,,Recorded at 04:00:00 22/06/2019 (UTC) by AudioMoth 243B1F075C79FAFC at gain setting 2 while battery state was 4.3V.,AudioMoth 243B1F075C79FAFC,2019:12:09 03:54:52-08:00,WAV,WAV,audio/x-wav,0.7617348433
35833,AM-24,243B1F075C79FAFC,GRABADOR-SDZG-AM-24/20190622_062000.WAV,GRABADOR-SDZG-AM-24,20190622_062000.WAV,46080360,1.0,1.0,384000.0,768000.0,16.0,2019-06-22 6:20:00,60.00046875,,Recorded at 06:20:00 22/06/2019 (UTC) by AudioMoth 243B1F075C79FAFC at gain setting 2 while battery state was 4.3V.,AudioMoth 243B1F075C79FAFC,2019:12:09 03:56:05-08:00,WAV,WAV,audio/x-wav,0.5977036357
35969,AM-24,243B1F075C79FAFC,GRABADOR-SDZG-AM-24/20190623_050000.WAV,GRABADOR-SDZG-AM-24,20190623_050000.WAV,46080360,1.0,1.0,384000.0,768000.0,16.0,2019-06-23 5:00:00,60.00046875,,Recorded at 05:00:00 23/06/2019 (UTC) by AudioMoth 243B1F075C79FAFC at gain setting 2 while battery state was 4.2V.,AudioMoth 243B1F075C79FAFC,2019:12:09 04:07:49-08:00,WAV,WAV,audio/x-wav,0.9054293633
35987,AM-24,243B1F075C79FAFC,GRABADOR-SDZG-AM-24/20190623_080000.WAV,GRABADOR-SDZG-AM-24,20190623_080000.WAV,46080360,1.0,1.0,384000.0,768000.0,16.0,2019-06-23 8:00:00,60.00046875,,Recorded at 08:00:00 23/06/2019 (UTC) by AudioMoth 243B1F075C79FAFC at gain setting 2 while battery state was 4.2V.,AudioMoth 243B1F075C79FAFC,2019:12:09 04:09:22-08:00,WAV,WAV,audio/x-wav,0.5585367084
37823,AM-24,243B1F075C79FAFC,GRABADOR-SDZG-AM-24/20190706_020000.WAV,GRABADOR-SDZG-AM-24,20190706_020000.WAV,46080360,1.0,1.0,384000.0,768000.0,16.0,2019-07-06 2:00:00,60.00046875,,Recorded at 02:00:00 06/07/2019 (UTC) by AudioMoth 243B1F075C79FAFC at gain setting 2 while battery state was 3.8V.,AudioMoth 243B1F075C79FAFC,2019:12:09 06:47:41-08:00,WAV,WAV,audio/x-wav,0.7730123401
38657,AM-25,24E144035BA455E9,GRABADOR-SDZG-AM-25/20190615_212000.WAV,GRABADOR-SDZG-AM-25,20190615_212000.WAV,46080360,1.0,1.0,384000.0,768000.0,16.0,2019-06-15 21:20:00,60.00046875,,Recorded at 21:20:00 15/06/2019 (UTC) by AudioMoth 24E144035BA455E9 at gain setting 2 while battery state was 4.7V.,AudioMoth 24E144035BA455E9,2019:12:08 15:49:29-08:00,WAV,WAV,audio/x-wav,0.9797353745
38661,AM-25,24E144035BA455E9,GRABADOR-SDZG-AM-25/20190615_220000.WAV,GRABADOR-SDZG-AM-25,20190615_220000.WAV,46080360,1.0,1.0,384000.0,768000.0,16.0,2019-06-15 22:00:00,60.00046875,,Recorded at 22:00:00 15/06/2019 (UTC) by AudioMoth 24E144035BA455E9 at gain setting 2 while battery state was 4.7V.,AudioMoth 24E144035BA455E9,2019:12:08 15:49:50-08:00,WAV,WAV,audio/x-wav,0.7093263268
38676,AM-25,24E144035BA455E9,GRABADOR-SDZG-AM-25/20190616_003000.WAV,GRABADOR-SDZG-AM-25,20190616_003000.WAV,46080360,1.0,1.0,384000.0,768000.0,16.0,2019-06-16 0:30:00,60.00046875,,Recorded at 00:30:00 16/06/2019 (UTC) by AudioMoth 24E144035BA455E9 at gain setting 2 while battery state was 4.7V.,AudioMoth 24E144035BA455E9,2019:12:08 15:51:07-08:00,WAV,WAV,audio/x-wav,0.5611174107
38702,AM-25,24E144035BA455E9,GRABADOR-SDZG-AM-25/20190616_045000.WAV,GRABADOR-SDZG-AM-25,20190616_045000.WAV,46080360,1.0,1.0,384000.0,768000.0,16.0,2019-06-16 4:50:00,60.00046875,,Recorded at 04:50:00 16/06/2019 (UTC) by AudioMoth 24E144035BA455E9 at gain setting 2 while battery state was 4.6V.,AudioMoth 24E144035BA455E9,2019:12:08 15:53:21-08:00,WAV,WAV,audio/x-wav,0.6557418108
38741,AM-25,24E144035BA455E9,GRABADOR-SDZG-AM-25/20190616_112000.WAV,GRABADOR-SDZG-AM-25,20190616_112000.WAV,46080360,1.0,1.0,384000.0,768000.0,16.0,2019-06-16 11:20:00,60.00046875,,Recorded at 11:20:00 16/06/2019 (UTC) by AudioMoth 24E144035BA455E9 at gain setting 2 while battery state was 4.6V.,AudioMoth 24E144035BA455E9,2019:12:08 15:56:43-08:00,WAV,WAV,audio/x-wav,0.9784239531
38748,AM-25,24E144035BA455E9,GRABADOR-SDZG-AM-25/20190616_123000.WAV,GRABADOR-SDZG-AM-25,20190616_123000.WAV,46080360,1.0,1.0,384000.0,768000.0,16.0,2019-06-16 12:30:00,60.00046875,,Recorded at 12:30:00 16/06/2019 (UTC) by AudioMoth 24E144035BA455E9 at gain setting 2 while battery state was 4.6V.,AudioMoth 24E144035BA455E9,2019:12:08 15:57:19-08:00,WAV,WAV,audio/x-wav,0.9845850468
38751,AM-25,24E144035BA455E9,GRABADOR-SDZG-AM-25/20190616_130000.WAV,GRABADOR-SDZG-AM-25,20190616_130000.WAV,46080360,1.0,1.0,384000.0,768000.0,16.0,2019-06-16 13:00:00,60.00046875,,Recorded at 13:00:00 16/06/2019 (UTC) by AudioMoth 24E144035BA455E9 at gain setting 2 while battery state was 4.6V.,AudioMoth 24E144035BA455E9,2019:12:08 15:57:34-08:00,WAV,WAV,audio/x-wav,0.9783505201
38762,AM-25,24E144035BA455E9,GRABADOR-SDZG-AM-25/20190616_145000.WAV,GRABADOR-SDZG-AM-25,20190616_145000.WAV,46080360,1.0,1.0,384000.0,768000.0,16.0,2019-06-16 14:50:00,60.00046875,,Recorded at 14:50:00 16/06/2019 (UTC) by AudioMoth 24E144035BA455E9 at gain setting 2 while battery state was 4.6V.,AudioMoth 24E144035BA455E9,2019:12:08 15:58:31-08:00,WAV,WAV,audio/x-wav,0.9631614089
38772,AM-25,24E144035BA455E9,GRABADOR-SDZG-AM-25/20190616_163000.WAV,GRABADOR-SDZG-AM-25,20190616_163000.WAV,46080360,1.0,1.0,384000.0,768000.0,16.0,2019-06-16 16:30:00,60.00046875,,Recorded at 16:30:00 16/06/2019 (UTC) by AudioMoth 24E144035BA455E9 at gain setting 2 while battery state was 4.5V.,AudioMoth 24E144035BA455E9,2019:12:08 15:59:23-08:00,WAV,WAV,audio/x-wav,0.989459157
38775,AM-25,24E144035BA455E9,GRABADOR-SDZG-AM-25/20190616_170000.WAV,GRABADOR-SDZG-AM-25,20190616_170000.WAV,46080360,1.0,1.0,384000.0,768000.0,16.0,2019-06-16 17:00:00,60.00046875,,Recorded at 17:00:00 16/06/2019 (UTC) by AudioMoth 24E144035BA455E9 at gain setting 2 while battery state was 4.5V.,AudioMoth 24E144035BA455E9,2019:12:08 15:59:38-08:00,WAV,WAV,audio/x-wav,0.8144595623
38782,AM-25,24E144035BA455E9,GRABADOR-SDZG-AM-25/20190616_181000.WAV,GRABADOR-SDZG-AM-25,20190616_181000.WAV,46080360,1.0,1.0,384000.0,768000.0,16.0,2019-06-16 18:10:00,60.00046875,,Recorded at 18:10:00 16/06/2019 (UTC) by AudioMoth 24E144035BA455E9 at gain setting 2 while battery state was 4.5V.,AudioMoth 24E144035BA455E9,2019:12:08 16:00:15-08:00,WAV,WAV,audio/x-wav,0.9863476157
38794,AM-25,24E144035BA455E9,GRABADOR-SDZG-AM-25/20190616_201000.WAV,GRABADOR-SDZG-AM-25,20190616_201000.WAV,46080360,1.0,1.0,384000.0,768000.0,16.0,2019-06-16 20:10:00,60.00046875,,Recorded at 20:10:00 16/06/2019 (UTC) by AudioMoth 24E144035BA455E9 at gain setting 2 while battery state was 4.5V.,AudioMoth 24E144035BA455E9,2019:12:08 16:01:17-08:00,WAV,WAV,audio/x-wav,0.8444671631
38833,AM-25,24E144035BA455E9,GRABADOR-SDZG-AM-25/20190617_024000.WAV,GRABADOR-SDZG-AM-25,20190617_024000.WAV,46080550,1.0,1.0,384000.0,768000.0,16.0,2019-06-17 2:40:00,60.00071615,,Recorded at 02:40:00 17/06/2019 (UTC) by AudioMoth 24E144035BA455E9 at gain setting 2 while battery state was 4.5V.,AudioMoth 24E144035BA455E9,2019:12:08 16:04:38-08:00,WAV,WAV,audio/x-wav,0.8092503548
38860,AM-25,24E144035BA455E9,GRABADOR-SDZG-AM-25/20190617_071000.WAV,GRABADOR-SDZG-AM-25,20190617_071000.WAV,46080360,1.0,1.0,384000.0,768000.0,16.0,2019-06-17 7:10:00,60.00046875,,Recorded at 07:10:00 17/06/2019 (UTC) by AudioMoth 24E144035BA455E9 at gain setting 2 while battery state was 4.5V.,AudioMoth 24E144035BA455E9,2019:12:08 16:06:58-08:00,WAV,WAV,audio/x-wav,0.7028102279
38868,AM-25,24E144035BA455E9,GRABADOR-SDZG-AM-25/20190617_083000.WAV,GRABADOR-SDZG-AM-25,20190617_083000.WAV,46080360,1.0,1.0,384000.0,768000.0,16.0,2019-06-17 8:30:00,60.00046875,,Recorded at 08:30:00 17/06/2019 (UTC) by AudioMoth 24E144035BA455E9 at gain setting 2 while battery state was 4.5V.,AudioMoth 24E144035BA455E9,2019:12:08 16:07:39-08:00,WAV,WAV,audio/x-wav,0.6653124094
38879,AM-25,24E144035BA455E9,GRABADOR-SDZG-AM-25/20190617_102000.WAV,GRABADOR-SDZG-AM-25,20190617_102000.WAV,46080360,1.0,1.0,384000.0,768000.0,16.0,2019-06-17 10:20:00,60.00046875,,Recorded at 10:20:00 17/06/2019 (UTC) by AudioMoth 24E144035BA455E9 at gain setting 2 while battery state was 4.5V.,AudioMoth 24E144035BA455E9,2019:12:08 16:08:36-08:00,WAV,WAV,audio/x-wav,0.9492621422
38907,AM-25,24E144035BA455E9,GRABADOR-SDZG-AM-25/20190617_150000.WAV,GRABADOR-SDZG-AM-25,20190617_150000.WAV,46080360,1.0,1.0,384000.0,768000.0,16.0,2019-06-17 15:00:00,60.00046875,,Recorded at 15:00:00 17/06/2019 (UTC) by AudioMoth 24E144035BA455E9 at gain setting 2 while battery state was 4.4V.,AudioMoth 24E144035BA455E9,2019:12:08 16:11:01-08:00,WAV,WAV,audio/x-wav,0.9846237898
38932,AM-25,24E144035BA455E9,GRABADOR-SDZG-AM-25/20190617_191000.WAV,GRABADOR-SDZG-AM-25,20190617_191000.WAV,46080360,1.0,1.0,384000.0,768000.0,16.0,2019-06-17 19:10:00,60.00046875,,Recorded at 19:10:00 17/06/2019 (UTC) by AudioMoth 24E144035BA455E9 at gain setting 2 while battery state was 4.4V.,AudioMoth 24E144035BA455E9,2019:12:08 16:13:10-08:00,WAV,WAV,audio/x-wav,0.9900453687
39020,AM-25,24E144035BA455E9,GRABADOR-SDZG-AM-25/20190618_095000.WAV,GRABADOR-SDZG-AM-25,20190618_095000.WAV,46080360,1.0,1.0,384000.0,768000.0,16.0,2019-06-18 9:50:00,60.00046875,,Recorded at 09:50:00 18/06/2019 (UTC) by AudioMoth 24E144035BA455E9 at gain setting 2 while battery state was 4.4V.,AudioMoth 24E144035BA455E9,2019:12:08 16:20:44-08:00,WAV,WAV,audio/x-wav,0.8218050003
39116,AM-25,24E144035BA455E9,GRABADOR-SDZG-AM-25/20190619_015000.WAV,GRABADOR-SDZG-AM-25,20190619_015000.WAV,46080360,1.0,1.0,384000.0,768000.0,16.0,2019-06-19 1:50:00,60.00046875,,Recorded at 01:50:00 19/06/2019 (UTC) by AudioMoth 24E144035BA455E9 at gain setting 2 while battery state was 4.4V.,AudioMoth 24E144035BA455E9,2019:12:08 16:29:00-08:00,WAV,WAV,audio/x-wav,0.6057893038
39270,AM-25,24E144035BA455E9,GRABADOR-SDZG-AM-25/20190620_033000.WAV,GRABADOR-SDZG-AM-25,20190620_033000.WAV,46080360,1.0,1.0,384000.0,768000.0,16.0,2019-06-20 3:30:00,60.00046875,,Recorded at 03:30:00 20/06/2019 (UTC) by AudioMoth 24E144035BA455E9 at gain setting 2 while battery state was 4.3V.,AudioMoth 24E144035BA455E9,2019:12:08 16:42:16-08:00,WAV,WAV,audio/x-wav,0.8622293472
39433,AM-25,24E144035BA455E9,GRABADOR-SDZG-AM-25/20190621_064000.WAV,GRABADOR-SDZG-AM-25,20190621_064000.WAV,46080360,1.0,1.0,384000.0,768000.0,16.0,2019-06-21 6:40:00,60.00046875,,Recorded at 06:40:00 21/06/2019 (UTC) by AudioMoth 24E144035BA455E9 at gain setting 2 while battery state was 4.3V.,AudioMoth 24E144035BA455E9,2019:12:08 16:56:09-08:00,WAV,WAV,audio/x-wav,0.5743144155
39567,AM-25,24E144035BA455E9,GRABADOR-SDZG-AM-25/20190622_050000.WAV,GRABADOR-SDZG-AM-25,20190622_050000.WAV,46080360,1.0,1.0,384000.0,768000.0,16.0,2019-06-22 5:00:00,60.00046875,,Recorded at 05:00:00 22/06/2019 (UTC) by AudioMoth 24E144035BA455E9 at gain setting 2 while battery state was 4.2V.,AudioMoth 24E144035BA455E9,2019:12:08 17:07:42-08:00,WAV,WAV,audio/x-wav,0.992811799
39820,AM-25,24E144035BA455E9,GRABADOR-SDZG-AM-25/20190623_231000.WAV,GRABADOR-SDZG-AM-25,20190623_231000.WAV,46080360,1.0,1.0,384000.0,768000.0,16.0,2019-06-23 23:10:00,60.00046875,,Recorded at 23:10:00 23/06/2019 (UTC) by AudioMoth 24E144035BA455E9 at gain setting 2 while battery state was 4.2V.,AudioMoth 24E144035BA455E9,2019:12:08 17:29:25-08:00,WAV,WAV,audio/x-wav,0.7659615278
41555,AM-26,2466C2065BA446CE,GRABADOR-SDZG-AM-26/20190610_023000.WAV,GRABADOR-SDZG-AM-26,20190610_023000.WAV,46080360,1.0,1.0,384000.0,768000.0,16.0,2019-06-10 2:30:00,60.00046875,,Recorded at 02:30:00 10/06/2019 (UTC) by AudioMoth 2466C2065BA446CE at gain setting 2 while battery state was 4.7V.,AudioMoth 2466C2065BA446CE,2019:12:19 16:21:00-08:00,WAV,WAV,audio/x-wav,0.8684762716
41566,AM-26,2466C2065BA446CE,GRABADOR-SDZG-AM-26/20190610_042000.WAV,GRABADOR-SDZG-AM-26,20190610_042000.WAV,46080360,1.0,1.0,384000.0,768000.0,16.0,2019-06-10 4:20:00,60.00046875,,Recorded at 04:20:00 10/06/2019 (UTC) by AudioMoth 2466C2065BA446CE at gain setting 2 while battery state was 4.7V.,AudioMoth 2466C2065BA446CE,2019:12:19 16:21:20-08:00,WAV,WAV,audio/x-wav,0.5695254207
41587,AM-26,2466C2065BA446CE,GRABADOR-SDZG-AM-26/20190610_075000.WAV,GRABADOR-SDZG-AM-26,20190610_075000.WAV,46080360,1.0,1.0,384000.0,768000.0,16.0,2019-06-10 7:50:00,60.00046875,,Recorded at 07:50:00 10/06/2019 (UTC) by AudioMoth 2466C2065BA446CE at gain setting 2 while battery state was 4.7V.,AudioMoth 2466C2065BA446CE,2019:12:19 16:21:59-08:00,WAV,WAV,audio/x-wav,0.5307725668
41604,AM-26,2466C2065BA446CE,GRABADOR-SDZG-AM-26/20190610_104000.WAV,GRABADOR-SDZG-AM-26,20190610_104000.WAV,46080360,1.0,1.0,384000.0,768000.0,16.0,2019-06-10 10:40:00,60.00046875,,Recorded at 10:40:00 10/06/2019 (UTC) by AudioMoth 2466C2065BA446CE at gain setting 2 while battery state was 4.6V.,AudioMoth 2466C2065BA446CE,2019:12:19 16:22:31-08:00,WAV,WAV,audio/x-wav,0.6014682055
41611,AM-26,2466C2065BA446CE,GRABADOR-SDZG-AM-26/20190610_115000.WAV,GRABADOR-SDZG-AM-26,20190610_115000.WAV,46080360,1.0,1.0,384000.0,768000.0,16.0,2019-06-10 11:50:00,60.00046875,,Recorded at 11:50:00 10/06/2019 (UTC) by AudioMoth 2466C2065BA446CE at gain setting 2 while battery state was 4.6V.,AudioMoth 2466C2065BA446CE,2019:12:19 16:22:44-08:00,WAV,WAV,audio/x-wav,0.8861464262
41613,AM-26,2466C2065BA446CE,GRABADOR-SDZG-AM-26/20190610_121000.WAV,GRABADOR-SDZG-AM-26,20190610_121000.WAV,46080360,1.0,1.0,384000.0,768000.0,16.0,2019-06-10 12:10:00,60.00046875,,Recorded at 12:10:00 10/06/2019 (UTC) by AudioMoth 2466C2065BA446CE at gain setting 2 while battery state was 4.6V.,AudioMoth 2466C2065BA446CE,2019:12:19 16:22:48-08:00,WAV,WAV,audio/x-wav,0.8638679981
41618,AM-26,2466C2065BA446CE,GRABADOR-SDZG-AM-26/20190610_130000.WAV,GRABADOR-SDZG-AM-26,20190610_130000.WAV,46080360,1.0,1.0,384000.0,768000.0,16.0,2019-06-10 13:00:00,60.00046875,,Recorded at 13:00:00 10/06/2019 (UTC) by AudioMoth 2466C2065BA446CE at gain setting 2 while battery state was 4.6V.,AudioMoth 2466C2065BA446CE,2019:12:19 16:22:57-08:00,WAV,WAV,audio/x-wav,0.8934323788
41624,AM-26,2466C2065BA446CE,GRABADOR-SDZG-AM-26/20190610_140000.WAV,GRABADOR-SDZG-AM-26,20190610_140000.WAV,46080360,1.0,1.0,384000.0,768000.0,16.0,2019-06-10 14:00:00,60.00046875,,Recorded at 14:00:00 10/06/2019 (UTC) by AudioMoth 2466C2065BA446CE at gain setting 2 while battery state was 4.6V.,AudioMoth 2466C2065BA446CE,2019:12:19 16:23:08-08:00,WAV,WAV,audio/x-wav,0.7690317631
41649,AM-26,2466C2065BA446CE,GRABADOR-SDZG-AM-26/20190610_181000.WAV,GRABADOR-SDZG-AM-26,20190610_181000.WAV,46080360,1.0,1.0,384000.0,768000.0,16.0,2019-06-10 18:10:00,60.00046875,,Recorded at 18:10:00 10/06/2019 (UTC) by AudioMoth 2466C2065BA446CE at gain setting 2 while battery state was 4.5V.,AudioMoth 2466C2065BA446CE,2019:12:19 16:23:55-08:00,WAV,WAV,audio/x-wav,0.6480931044
41673,AM-26,2466C2065BA446CE,GRABADOR-SDZG-AM-26/20190610_221000.WAV,GRABADOR-SDZG-AM-26,20190610_221000.WAV,46080360,1.0,1.0,384000.0,768000.0,16.0,2019-06-10 22:10:00,60.00046875,,Recorded at 22:10:00 10/06/2019 (UTC) by AudioMoth 2466C2065BA446CE at gain setting 2 while battery state was 4.5V.,AudioMoth 2466C2065BA446CE,2019:12:19 16:24:40-08:00,WAV,WAV,audio/x-wav,0.5418008566
41688,AM-26,2466C2065BA446CE,GRABADOR-SDZG-AM-26/20190611_004000.WAV,GRABADOR-SDZG-AM-26,20190611_004000.WAV,46080360,1.0,1.0,384000.0,768000.0,16.0,2019-06-11 0:40:00,60.00046875,,Recorded at 00:40:00 11/06/2019 (UTC) by AudioMoth 2466C2065BA446CE at gain setting 2 while battery state was 4.5V.,AudioMoth 2466C2065BA446CE,2019:12:19 16:25:08-08:00,WAV,WAV,audio/x-wav,0.6365332007
41692,AM-26,2466C2065BA446CE,GRABADOR-SDZG-AM-26/20190611_012000.WAV,GRABADOR-SDZG-AM-26,20190611_012000.WAV,46080360,1.0,1.0,384000.0,768000.0,16.0,2019-06-11 1:20:00,60.00046875,,Recorded at 01:20:00 11/06/2019 (UTC) by AudioMoth 2466C2065BA446CE at gain setting 2 while battery state was 4.5V.,AudioMoth 2466C2065BA446CE,2019:12:19 16:25:16-08:00,WAV,WAV,audio/x-wav,0.7392295599
41706,AM-26,2466C2065BA446CE,GRABADOR-SDZG-AM-26/20190611_034000.WAV,GRABADOR-SDZG-AM-26,20190611_034000.WAV,46080360,1.0,1.0,384000.0,768000.0,16.0,2019-06-11 3:40:00,60.00046875,,Recorded at 03:40:00 11/06/2019 (UTC) by AudioMoth 2466C2065BA446CE at gain setting 2 while battery state was 4.5V.,AudioMoth 2466C2065BA446CE,2019:12:19 16:25:42-08:00,WAV,WAV,audio/x-wav,0.5422022939
41782,AM-26,2466C2065BA446CE,GRABADOR-SDZG-AM-26/20190611_162000.WAV,GRABADOR-SDZG-AM-26,20190611_162000.WAV,46080360,1.0,1.0,384000.0,768000.0,16.0,2019-06-11 16:20:00,60.00046875,,Recorded at 16:20:00 11/06/2019 (UTC) by AudioMoth 2466C2065BA446CE at gain setting 2 while battery state was 4.4V.,AudioMoth 2466C2065BA446CE,2019:12:19 16:28:05-08:00,WAV,WAV,audio/x-wav,0.7268350124
41791,AM-26,2466C2065BA446CE,GRABADOR-SDZG-AM-26/20190611_175000.WAV,GRABADOR-SDZG-AM-26,20190611_175000.WAV,46080360,1.0,1.0,384000.0,768000.0,16.0,2019-06-11 17:50:00,60.00046875,,Recorded at 17:50:00 11/06/2019 (UTC) by AudioMoth 2466C2065BA446CE at gain setting 2 while battery state was 4.4V.,AudioMoth 2466C2065BA446CE,2019:12:19 16:28:22-08:00,WAV,WAV,audio/x-wav,0.9913112521
41798,AM-26,2466C2065BA446CE,GRABADOR-SDZG-AM-26/20190611_190000.WAV,GRABADOR-SDZG-AM-26,20190611_190000.WAV,46080360,1.0,1.0,384000.0,768000.0,16.0,2019-06-11 19:00:00,60.00046875,,Recorded at 19:00:00 11/06/2019 (UTC) by AudioMoth 2466C2065BA446CE at gain setting 2 while battery state was 4.4V.,AudioMoth 2466C2065BA446CE,2019:12:19 16:28:35-08:00,WAV,WAV,audio/x-wav,0.9039588571
41810,AM-26,2466C2065BA446CE,GRABADOR-SDZG-AM-26/20190611_210000.WAV,GRABADOR-SDZG-AM-26,20190611_210000.WAV,46080360,1.0,1.0,384000.0,768000.0,16.0,2019-06-11 21:00:00,60.00046875,,Recorded at 21:00:00 11/06/2019 (UTC) by AudioMoth 2466C2065BA446CE at gain setting 2 while battery state was 4.4V.,AudioMoth 2466C2065BA446CE,2019:12:19 16:28:58-08:00,WAV,WAV,audio/x-wav,0.9303189516
41825,AM-26,2466C2065BA446CE,GRABADOR-SDZG-AM-26/20190611_233000.WAV,GRABADOR-SDZG-AM-26,20190611_233000.WAV,46080360,1.0,1.0,384000.0,768000.0,16.0,2019-06-11 23:30:00,60.00046875,,Recorded at 23:30:00 11/06/2019 (UTC) by AudioMoth 2466C2065BA446CE at gain setting 2 while battery state was 4.4V.,AudioMoth 2466C2065BA446CE,2019:12:19 16:29:26-08:00,WAV,WAV,audio/x-wav,0.8528388739
42006,AM-26,2466C2065BA446CE,GRABADOR-SDZG-AM-26/20190613_054000.WAV,GRABADOR-SDZG-AM-26,20190613_054000.WAV,46080360,1.0,1.0,384000.0,768000.0,16.0,2019-06-13 5:40:00,60.00046875,,Recorded at 05:40:00 13/06/2019 (UTC) by AudioMoth 2466C2065BA446CE at gain setting 2 while battery state was 4.4V.,AudioMoth 2466C2065BA446CE,2019:12:19 16:35:06-08:00,WAV,WAV,audio/x-wav,0.6170151234
42023,AM-26,2466C2065BA446CE,GRABADOR-SDZG-AM-26/20190613_083000.WAV,GRABADOR-SDZG-AM-26,20190613_083000.WAV,46080360,1.0,1.0,384000.0,768000.0,16.0,2019-06-13 8:30:00,60.00046875,,Recorded at 08:30:00 13/06/2019 (UTC) by AudioMoth 2466C2065BA446CE at gain setting 2 while battery state was 4.4V.,AudioMoth 2466C2065BA446CE,2019:12:19 16:35:38-08:00,WAV,WAV,audio/x-wav,0.5289354324
42029,AM-26,2466C2065BA446CE,GRABADOR-SDZG-AM-26/20190613_093000.WAV,GRABADOR-SDZG-AM-26,20190613_093000.WAV,46080360,1.0,1.0,384000.0,768000.0,16.0,2019-06-13 9:30:00,60.00046875,,Recorded at 09:30:00 13/06/2019 (UTC) by AudioMoth 2466C2065BA446CE at gain setting 2 while battery state was 4.4V.,AudioMoth 2466C2065BA446CE,2019:12:19 16:35:49-08:00,WAV,WAV,audio/x-wav,0.7316554785
42067,AM-26,2466C2065BA446CE,GRABADOR-SDZG-AM-26/20190613_155000.WAV,GRABADOR-SDZG-AM-26,20190613_155000.WAV,46080360,1.0,1.0,384000.0,768000.0,16.0,2019-06-13 15:50:00,60.00046875,,Recorded at 15:50:00 13/06/2019 (UTC) by AudioMoth 2466C2065BA446CE at gain setting 2 while battery state was 4.4V.,AudioMoth 2466C2065BA446CE,2019:12:19 16:37:01-08:00,WAV,WAV,audio/x-wav,0.7941894531
42095,AM-26,2466C2065BA446CE,GRABADOR-SDZG-AM-26/20190613_203000.WAV,GRABADOR-SDZG-AM-26,20190613_203000.WAV,46080360,1.0,1.0,384000.0,768000.0,16.0,2019-06-13 20:30:00,60.00046875,,Recorded at 20:30:00 13/06/2019 (UTC) by AudioMoth 2466C2065BA446CE at gain setting 2 while battery state was 4.4V.,AudioMoth 2466C2065BA446CE,2019:12:19 16:37:53-08:00,WAV,WAV,audio/x-wav,0.5118253231
42154,AM-26,2466C2065BA446CE,GRABADOR-SDZG-AM-26/20190614_062000.WAV,GRABADOR-SDZG-AM-26,20190614_062000.WAV,46080360,1.0,1.0,384000.0,768000.0,16.0,2019-06-14 6:20:00,60.00046875,,Recorded at 06:20:00 14/06/2019 (UTC) by AudioMoth 2466C2065BA446CE at gain setting 2 while battery state was 4.4V.,AudioMoth 2466C2065BA446CE,2019:12:19 16:39:44-08:00,WAV,WAV,audio/x-wav,0.6321510077
45491,AM-27,243B1F075C79F65E,GRABADOR-SDZG-AM-27/20190616_171000.WAV,GRABADOR-SDZG-AM-27,20190616_171000.WAV,46080360,1.0,1.0,384000.0,768000.0,16.0,2019-06-16 17:10:00,60.00046875,,Recorded at 17:10:00 16/06/2019 (UTC) by AudioMoth 243B1F075C79F65E at gain setting 2 while battery state was 4.8V.,AudioMoth 243B1F075C79F65E,2019:12:18 12:14:52-08:00,WAV,WAV,audio/x-wav,0.9640235901
45497,AM-27,243B1F075C79F65E,GRABADOR-SDZG-AM-27/20190616_181000.WAV,GRABADOR-SDZG-AM-27,20190616_181000.WAV,46080360,1.0,1.0,384000.0,768000.0,16.0,2019-06-16 18:10:00,60.00046875,,Recorded at 18:10:00 16/06/2019 (UTC) by AudioMoth 243B1F075C79F65E at gain setting 2 while battery state was 4.7V.,AudioMoth 243B1F075C79F65E,2019:12:18 12:15:03-08:00,WAV,WAV,audio/x-wav,0.5558591485
45505,AM-27,243B1F075C79F65E,GRABADOR-SDZG-AM-27/20190616_193000.WAV,GRABADOR-SDZG-AM-27,20190616_193000.WAV,46080360,1.0,1.0,384000.0,768000.0,16.0,2019-06-16 19:30:00,60.00046875,,Recorded at 19:30:00 16/06/2019 (UTC) by AudioMoth 243B1F075C79F65E at gain setting 2 while battery state was 4.7V.,AudioMoth 243B1F075C79F65E,2019:12:18 12:15:18-08:00,WAV,WAV,audio/x-wav,0.9622482061
45511,AM-27,243B1F075C79F65E,GRABADOR-SDZG-AM-27/20190616_203000.WAV,GRABADOR-SDZG-AM-27,20190616_203000.WAV,46080360,1.0,1.0,384000.0,768000.0,16.0,2019-06-16 20:30:00,60.00046875,,Recorded at 20:30:00 16/06/2019 (UTC) by AudioMoth 243B1F075C79F65E at gain setting 2 while battery state was 4.7V.,AudioMoth 243B1F075C79F65E,2019:12:18 12:15:29-08:00,WAV,WAV,audio/x-wav,0.9830838442
45518,AM-27,243B1F075C79F65E,GRABADOR-SDZG-AM-27/20190616_214000.WAV,GRABADOR-SDZG-AM-27,20190616_214000.WAV,46080360,1.0,1.0,384000.0,768000.0,16.0,2019-06-16 21:40:00,60.00046875,,Recorded at 21:40:00 16/06/2019 (UTC) by AudioMoth 243B1F075C79F65E at gain setting 2 while battery state was 4.7V.,AudioMoth 243B1F075C79F65E,2019:12:18 12:15:42-08:00,WAV,WAV,audio/x-wav,0.5744824409
45521,AM-27,243B1F075C79F65E,GRABADOR-SDZG-AM-27/20190616_221000.WAV,GRABADOR-SDZG-AM-27,20190616_221000.WAV,46080360,1.0,1.0,384000.0,768000.0,16.0,2019-06-16 22:10:00,60.00046875,,Recorded at 22:10:00 16/06/2019 (UTC) by AudioMoth 243B1F075C79F65E at gain setting 2 while battery state was 4.7V.,AudioMoth 243B1F075C79F65E,2019:12:18 12:15:48-08:00,WAV,WAV,audio/x-wav,0.9824023843
45578,AM-27,243B1F075C79F65E,GRABADOR-SDZG-AM-27/20190617_074000.WAV,GRABADOR-SDZG-AM-27,20190617_074000.WAV,46080360,1.0,1.0,384000.0,768000.0,16.0,2019-06-17 7:40:00,60.00046875,,Recorded at 07:40:00 17/06/2019 (UTC) by AudioMoth 243B1F075C79F65E at gain setting 2 while battery state was 4.6V.,AudioMoth 243B1F075C79F65E,2019:12:18 12:17:33-08:00,WAV,WAV,audio/x-wav,0.6660915017
45585,AM-27,243B1F075C79F65E,GRABADOR-SDZG-AM-27/20190617_085000.WAV,GRABADOR-SDZG-AM-27,20190617_085000.WAV,46080360,1.0,1.0,384000.0,768000.0,16.0,2019-06-17 8:50:00,60.00046875,,Recorded at 08:50:00 17/06/2019 (UTC) by AudioMoth 243B1F075C79F65E at gain setting 2 while battery state was 4.6V.,AudioMoth 243B1F075C79F65E,2019:12:18 12:17:46-08:00,WAV,WAV,audio/x-wav,0.6809592843
45591,AM-27,243B1F075C79F65E,GRABADOR-SDZG-AM-27/20190617_095000.WAV,GRABADOR-SDZG-AM-27,20190617_095000.WAV,46080360,1.0,1.0,384000.0,768000.0,16.0,2019-06-17 9:50:00,60.00046875,,Recorded at 09:50:00 17/06/2019 (UTC) by AudioMoth 243B1F075C79F65E at gain setting 2 while battery state was 4.6V.,AudioMoth 243B1F075C79F65E,2019:12:18 12:17:57-08:00,WAV,WAV,audio/x-wav,0.9016233087
45593,AM-27,243B1F075C79F65E,GRABADOR-SDZG-AM-27/20190617_101000.WAV,GRABADOR-SDZG-AM-27,20190617_101000.WAV,46080360,1.0,1.0,384000.0,768000.0,16.0,2019-06-17 10:10:00,60.00046875,,Recorded at 10:10:00 17/06/2019 (UTC) by AudioMoth 243B1F075C79F65E at gain setting 2 while battery state was 4.6V.,AudioMoth 243B1F075C79F65E,2019:12:18 12:18:00-08:00,WAV,WAV,audio/x-wav,0.9881272316
45598,AM-27,243B1F075C79F65E,GRABADOR-SDZG-AM-27/20190617_110000.WAV,GRABADOR-SDZG-AM-27,20190617_110000.WAV,46080360,1.0,1.0,384000.0,768000.0,16.0,2019-06-17 11:00:00,60.00046875,,Recorded at 11:00:00 17/06/2019 (UTC) by AudioMoth 243B1F075C79F65E at gain setting 2 while battery state was 4.6V.,AudioMoth 243B1F075C79F65E,2019:12:18 12:18:10-08:00,WAV,WAV,audio/x-wav,0.9794229865
45604,AM-27,243B1F075C79F65E,GRABADOR-SDZG-AM-27/20190617_120000.WAV,GRABADOR-SDZG-AM-27,20190617_120000.WAV,46080360,1.0,1.0,384000.0,768000.0,16.0,2019-06-17 12:00:00,60.00046875,,Recorded at 12:00:00 17/06/2019 (UTC) by AudioMoth 243B1F075C79F65E at gain setting 2 while battery state was 4.5V.,AudioMoth 243B1F075C79F65E,2019:12:18 12:18:21-08:00,WAV,WAV,audio/x-wav,0.9909888506
45610,AM-27,243B1F075C79F65E,GRABADOR-SDZG-AM-27/20190617_130000.WAV,GRABADOR-SDZG-AM-27,20190617_130000.WAV,46080360,1.0,1.0,384000.0,768000.0,16.0,2019-06-17 13:00:00,60.00046875,,Recorded at 13:00:00 17/06/2019 (UTC) by AudioMoth 243B1F075C79F65E at gain setting 2 while battery state was 4.5V.,AudioMoth 243B1F075C79F65E,2019:12:18 12:18:32-08:00,WAV,WAV,audio/x-wav,0.7887182236
45616,AM-27,243B1F075C79F65E,GRABADOR-SDZG-AM-27/20190617_140000.WAV,GRABADOR-SDZG-AM-27,20190617_140000.WAV,46080360,1.0,1.0,384000.0,768000.0,16.0,2019-06-17 14:00:00,60.00046875,,Recorded at 14:00:00 17/06/2019 (UTC) by AudioMoth 243B1F075C79F65E at gain setting 2 while battery state was 4.5V.,AudioMoth 243B1F075C79F65E,2019:12:18 12:18:43-08:00,WAV,WAV,audio/x-wav,0.9937050343
45623,AM-27,243B1F075C79F65E,GRABADOR-SDZG-AM-27/20190617_151000.WAV,GRABADOR-SDZG-AM-27,20190617_151000.WAV,46080360,1.0,1.0,384000.0,768000.0,16.0,2019-06-17 15:10:00,60.00046875,,Recorded at 15:10:00 17/06/2019 (UTC) by AudioMoth 243B1F075C79F65E at gain setting 2 while battery state was 4.5V.,AudioMoth 243B1F075C79F65E,2019:12:18 12:18:56-08:00,WAV,WAV,audio/x-wav,0.9730955958
45628,AM-27,243B1F075C79F65E,GRABADOR-SDZG-AM-27/20190617_160000.WAV,GRABADOR-SDZG-AM-27,20190617_160000.WAV,46080360,1.0,1.0,384000.0,768000.0,16.0,2019-06-17 16:00:00,60.00046875,,Recorded at 16:00:00 17/06/2019 (UTC) by AudioMoth 243B1F075C79F65E at gain setting 2 while battery state was 4.5V.,AudioMoth 243B1F075C79F65E,2019:12:18 12:19:06-08:00,WAV,WAV,audio/x-wav,0.9940650463
45676,AM-27,243B1F075C79F65E,GRABADOR-SDZG-AM-27/20190618_000000.WAV,GRABADOR-SDZG-AM-27,20190618_000000.WAV,46080360,1.0,1.0,384000.0,768000.0,16.0,2019-06-18 0:00:00,60.00046875,,Recorded at 00:00:00 18/06/2019 (UTC) by AudioMoth 243B1F075C79F65E at gain setting 2 while battery state was 4.5V.,AudioMoth 243B1F075C79F65E,2019:12:18 12:20:35-08:00,WAV,WAV,audio/x-wav,0.9445348978
45701,AM-27,243B1F075C79F65E,GRABADOR-SDZG-AM-27/20190618_041000.WAV,GRABADOR-SDZG-AM-27,20190618_041000.WAV,46080360,1.0,1.0,384000.0,768000.0,16.0,2019-06-18 4:10:00,60.00046875,,Recorded at 04:10:00 18/06/2019 (UTC) by AudioMoth 243B1F075C79F65E at gain setting 2 while battery state was 4.5V.,AudioMoth 243B1F075C79F65E,2019:12:18 12:21:22-08:00,WAV,WAV,audio/x-wav,0.554774344
45834,AM-27,243B1F075C79F65E,GRABADOR-SDZG-AM-27/20190619_022000.WAV,GRABADOR-SDZG-AM-27,20190619_022000.WAV,46080360,1.0,1.0,384000.0,768000.0,16.0,2019-06-19 2:20:00,60.00046875,,Recorded at 02:20:00 19/06/2019 (UTC) by AudioMoth 243B1F075C79F65E at gain setting 2 while battery state was 4.4V.,AudioMoth 243B1F075C79F65E,2019:12:18 12:25:30-08:00,WAV,WAV,audio/x-wav,0.5639915466
45839,AM-27,243B1F075C79F65E,GRABADOR-SDZG-AM-27/20190619_031000.WAV,GRABADOR-SDZG-AM-27,20190619_031000.WAV,46080360,1.0,1.0,384000.0,768000.0,16.0,2019-06-19 3:10:00,60.00046875,,Recorded at 03:10:00 19/06/2019 (UTC) by AudioMoth 243B1F075C79F65E at gain setting 2 while battery state was 4.4V.,AudioMoth 243B1F075C79F65E,2019:12:18 12:25:39-08:00,WAV,WAV,audio/x-wav,0.6389525533
45851,AM-27,243B1F075C79F65E,GRABADOR-SDZG-AM-27/20190619_051000.WAV,GRABADOR-SDZG-AM-27,20190619_051000.WAV,46080360,1.0,1.0,384000.0,768000.0,16.0,2019-06-19 5:10:00,60.00046875,,Recorded at 05:10:00 19/06/2019 (UTC) by AudioMoth 243B1F075C79F65E at gain setting 2 while battery state was 4.4V.,AudioMoth 243B1F075C79F65E,2019:12:18 12:26:02-08:00,WAV,WAV,audio/x-wav,0.5764707327
45857,AM-27,243B1F075C79F65E,GRABADOR-SDZG-AM-27/20190619_061000.WAV,GRABADOR-SDZG-AM-27,20190619_061000.WAV,46080360,1.0,1.0,384000.0,768000.0,16.0,2019-06-19 6:10:00,60.00046875,,Recorded at 06:10:00 19/06/2019 (UTC) by AudioMoth 243B1F075C79F65E at gain setting 2 while battery state was 4.4V.,AudioMoth 243B1F075C79F65E,2019:12:18 12:26:13-08:00,WAV,WAV,audio/x-wav,0.8589621782
45975,AM-27,243B1F075C79F65E,GRABADOR-SDZG-AM-27/20190620_015000.WAV,GRABADOR-SDZG-AM-27,20190620_015000.WAV,46080360,1.0,1.0,384000.0,768000.0,16.0,2019-06-20 1:50:00,60.00046875,,Recorded at 01:50:00 20/06/2019 (UTC) by AudioMoth 243B1F075C79F65E at gain setting 2 while battery state was 4.4V.,AudioMoth 243B1F075C79F65E,2019:12:18 12:29:54-08:00,WAV,WAV,audio/x-wav,0.8089498281
46535,AM-27,243B1F075C79F65E,GRABADOR-SDZG-AM-27/20190623_231000.WAV,GRABADOR-SDZG-AM-27,20190623_231000.WAV,46080360,1.0,1.0,384000.0,768000.0,16.0,2019-06-23 23:10:00,60.00046875,,Recorded at 23:10:00 23/06/2019 (UTC) by AudioMoth 243B1F075C79F65E at gain setting 2 while battery state was 4.3V.,AudioMoth 243B1F075C79F65E,2019:12:18 12:47:23-08:00,WAV,WAV,audio/x-wav,0.8882040977
49305,AM-29,247AA5015BA446E5,GRABADOR-SDZG-AM-29/20190618_194000.WAV,GRABADOR-SDZG-AM-29,20190618_194000.WAV,46080360,1.0,1.0,384000.0,768000.0,16.0,2019-06-18 19:40:00,60.00046875,,Recorded at 19:40:00 18/06/2019 (UTC) by AudioMoth 247AA5015BA446E5 at gain setting 2 while battery state was 4.8V.,AudioMoth 247AA5015BA446E5,2019:12:08 10:54:19-08:00,WAV,WAV,audio/x-wav,0.9928311706
49307,AM-29,247AA5015BA446E5,GRABADOR-SDZG-AM-29/20190618_200000.WAV,GRABADOR-SDZG-AM-29,20190618_200000.WAV,46080360,1.0,1.0,384000.0,768000.0,16.0,2019-06-18 20:00:00,60.00046875,,Recorded at 20:00:00 18/06/2019 (UTC) by AudioMoth 247AA5015BA446E5 at gain setting 2 while battery state was 4.8V.,AudioMoth 247AA5015BA446E5,2019:12:08 10:54:30-08:00,WAV,WAV,audio/x-wav,0.9711745977
49315,AM-29,247AA5015BA446E5,GRABADOR-SDZG-AM-29/20190618_212000.WAV,GRABADOR-SDZG-AM-29,20190618_212000.WAV,46080360,1.0,1.0,384000.0,768000.0,16.0,2019-06-18 21:20:00,60.00046875,,Recorded at 21:20:00 18/06/2019 (UTC) by AudioMoth 247AA5015BA446E5 at gain setting 2 while battery state was 4.8V.,AudioMoth 247AA5015BA446E5,2019:12:08 10:55:11-08:00,WAV,WAV,audio/x-wav,0.7091262341
49319,AM-29,247AA5015BA446E5,GRABADOR-SDZG-AM-29/20190618_220000.WAV,GRABADOR-SDZG-AM-29,20190618_220000.WAV,46080360,1.0,1.0,384000.0,768000.0,16.0,2019-06-18 22:00:00,60.00046875,,Recorded at 22:00:00 18/06/2019 (UTC) by AudioMoth 247AA5015BA446E5 at gain setting 2 while battery state was 4.7V.,AudioMoth 247AA5015BA446E5,2019:12:08 10:55:31-08:00,WAV,WAV,audio/x-wav,0.9307695031
49376,AM-29,247AA5015BA446E5,GRABADOR-SDZG-AM-29/20190619_073000.WAV,GRABADOR-SDZG-AM-29,20190619_073000.WAV,46080360,1.0,1.0,384000.0,768000.0,16.0,2019-06-19 7:30:00,60.00046875,,Recorded at 07:30:00 19/06/2019 (UTC) by AudioMoth 247AA5015BA446E5 at gain setting 2 while battery state was 4.6V.,AudioMoth 247AA5015BA446E5,2019:12:08 11:00:26-08:00,WAV,WAV,audio/x-wav,0.5901085138
49380,AM-29,247AA5015BA446E5,GRABADOR-SDZG-AM-29/20190619_081000.WAV,GRABADOR-SDZG-AM-29,20190619_081000.WAV,46080360,1.0,1.0,384000.0,768000.0,16.0,2019-06-19 8:10:00,60.00046875,,Recorded at 08:10:00 19/06/2019 (UTC) by AudioMoth 247AA5015BA446E5 at gain setting 2 while battery state was 4.6V.,AudioMoth 247AA5015BA446E5,2019:12:08 11:00:46-08:00,WAV,WAV,audio/x-wav,0.7444815636
49386,AM-29,247AA5015BA446E5,GRABADOR-SDZG-AM-29/20190619_091000.WAV,GRABADOR-SDZG-AM-29,20190619_091000.WAV,46080360,1.0,1.0,384000.0,768000.0,16.0,2019-06-19 9:10:00,60.00046875,,Recorded at 09:10:00 19/06/2019 (UTC) by AudioMoth 247AA5015BA446E5 at gain setting 2 while battery state was 4.6V.,AudioMoth 247AA5015BA446E5,2019:12:08 11:01:18-08:00,WAV,WAV,audio/x-wav,0.8553631902
49391,AM-29,247AA5015BA446E5,GRABADOR-SDZG-AM-29/20190619_100000.WAV,GRABADOR-SDZG-AM-29,20190619_100000.WAV,46080360,1.0,1.0,384000.0,768000.0,16.0,2019-06-19 10:00:00,60.00046875,,Recorded at 10:00:00 19/06/2019 (UTC) by AudioMoth 247AA5015BA446E5 at gain setting 2 while battery state was 4.6V.,AudioMoth 247AA5015BA446E5,2019:12:08 11:01:44-08:00,WAV,WAV,audio/x-wav,0.5618914962
49397,AM-29,247AA5015BA446E5,GRABADOR-SDZG-AM-29/20190619_110000.WAV,GRABADOR-SDZG-AM-29,20190619_110000.WAV,46080360,1.0,1.0,384000.0,768000.0,16.0,2019-06-19 11:00:00,60.00046875,,Recorded at 11:00:00 19/06/2019 (UTC) by AudioMoth 247AA5015BA446E5 at gain setting 2 while battery state was 4.6V.,AudioMoth 247AA5015BA446E5,2019:12:08 11:02:15-08:00,WAV,WAV,audio/x-wav,0.9669111967
49403,AM-29,247AA5015BA446E5,GRABADOR-SDZG-AM-29/20190619_120000.WAV,GRABADOR-SDZG-AM-29,20190619_120000.WAV,46080360,1.0,1.0,384000.0,768000.0,16.0,2019-06-19 12:00:00,60.00046875,,Recorded at 12:00:00 19/06/2019 (UTC) by AudioMoth 247AA5015BA446E5 at gain setting 2 while battery state was 4.6V.,AudioMoth 247AA5015BA446E5,2019:12:08 11:02:46-08:00,WAV,WAV,audio/x-wav,0.9817109108
49409,AM-29,247AA5015BA446E5,GRABADOR-SDZG-AM-29/20190619_130000.WAV,GRABADOR-SDZG-AM-29,20190619_130000.WAV,46080360,1.0,1.0,384000.0,768000.0,16.0,2019-06-19 13:00:00,60.00046875,,Recorded at 13:00:00 19/06/2019 (UTC) by AudioMoth 247AA5015BA446E5 at gain setting 2 while battery state was 4.6V.,AudioMoth 247AA5015BA446E5,2019:12:08 11:03:17-08:00,WAV,WAV,audio/x-wav,0.8585989475
49418,AM-29,247AA5015BA446E5,GRABADOR-SDZG-AM-29/20190619_143000.WAV,GRABADOR-SDZG-AM-29,20190619_143000.WAV,46080360,1.0,1.0,384000.0,768000.0,16.0,2019-06-19 14:30:00,60.00046875,,Recorded at 14:30:00 19/06/2019 (UTC) by AudioMoth 247AA5015BA446E5 at gain setting 2 while battery state was 4.6V.,AudioMoth 247AA5015BA446E5,2019:12:08 11:04:03-08:00,WAV,WAV,audio/x-wav,0.9657042623
49422,AM-29,247AA5015BA446E5,GRABADOR-SDZG-AM-29/20190619_151000.WAV,GRABADOR-SDZG-AM-29,20190619_151000.WAV,46080360,1.0,1.0,384000.0,768000.0,16.0,2019-06-19 15:10:00,60.00046875,,Recorded at 15:10:00 19/06/2019 (UTC) by AudioMoth 247AA5015BA446E5 at gain setting 2 while battery state was 4.6V.,AudioMoth 247AA5015BA446E5,2019:12:08 11:04:24-08:00,WAV,WAV,audio/x-wav,0.8687703609
49427,AM-29,247AA5015BA446E5,GRABADOR-SDZG-AM-29/20190619_160000.WAV,GRABADOR-SDZG-AM-29,20190619_160000.WAV,46080360,1.0,1.0,384000.0,768000.0,16.0,2019-06-19 16:00:00,60.00046875,,Recorded at 16:00:00 19/06/2019 (UTC) by AudioMoth 247AA5015BA446E5 at gain setting 2 while battery state was 4.6V.,AudioMoth 247AA5015BA446E5,2019:12:08 11:04:50-08:00,WAV,WAV,audio/x-wav,0.66208601
49434,AM-29,247AA5015BA446E5,GRABADOR-SDZG-AM-29/20190619_171000.WAV,GRABADOR-SDZG-AM-29,20190619_171000.WAV,46080360,1.0,1.0,384000.0,768000.0,16.0,2019-06-19 17:10:00,60.00046875,,Recorded at 17:10:00 19/06/2019 (UTC) by AudioMoth 247AA5015BA446E5 at gain setting 2 while battery state was 4.6V.,AudioMoth 247AA5015BA446E5,2019:12:08 11:05:26-08:00,WAV,WAV,audio/x-wav,0.99391222
49487,AM-29,247AA5015BA446E5,GRABADOR-SDZG-AM-29/20190620_020000.WAV,GRABADOR-SDZG-AM-29,20190620_020000.WAV,46080360,1.0,1.0,384000.0,768000.0,16.0,2019-06-20 2:00:00,60.00046875,,Recorded at 02:00:00 20/06/2019 (UTC) by AudioMoth 247AA5015BA446E5 at gain setting 2 while battery state was 4.5V.,AudioMoth 247AA5015BA446E5,2019:12:08 11:09:59-08:00,WAV,WAV,audio/x-wav,0.6142833233
49501,AM-29,247AA5015BA446E5,GRABADOR-SDZG-AM-29/20190620_042000.WAV,GRABADOR-SDZG-AM-29,20190620_042000.WAV,46080360,1.0,1.0,384000.0,768000.0,16.0,2019-06-20 4:20:00,60.00046875,,Recorded at 04:20:00 20/06/2019 (UTC) by AudioMoth 247AA5015BA446E5 at gain setting 2 while battery state was 4.5V.,AudioMoth 247AA5015BA446E5,2019:12:08 11:11:12-08:00,WAV,WAV,audio/x-wav,0.6004441977
49584,AM-29,247AA5015BA446E5,GRABADOR-SDZG-AM-29/20190620_181000.WAV,GRABADOR-SDZG-AM-29,20190620_181000.WAV,46080360,1.0,1.0,384000.0,768000.0,16.0,2019-06-20 18:10:00,60.00046875,,Recorded at 18:10:00 20/06/2019 (UTC) by AudioMoth 247AA5015BA446E5 at gain setting 2 while battery state was 4.4V.,AudioMoth 247AA5015BA446E5,2019:12:08 11:18:21-08:00,WAV,WAV,audio/x-wav,0.9944073558
49637,AM-29,247AA5015BA446E5,GRABADOR-SDZG-AM-29/20190621_030000.WAV,GRABADOR-SDZG-AM-29,20190621_030000.WAV,46080360,1.0,1.0,384000.0,768000.0,16.0,2019-06-21 3:00:00,60.00046875,,Recorded at 03:00:00 21/06/2019 (UTC) by AudioMoth 247AA5015BA446E5 at gain setting 2 while battery state was 4.4V.,AudioMoth 247AA5015BA446E5,2019:12:08 11:22:55-08:00,WAV,WAV,audio/x-wav,0.6281250119
49655,AM-29,247AA5015BA446E5,GRABADOR-SDZG-AM-29/20190621_060000.WAV,GRABADOR-SDZG-AM-29,20190621_060000.WAV,46080360,1.0,1.0,384000.0,768000.0,16.0,2019-06-21 6:00:00,60.00046875,,Recorded at 06:00:00 21/06/2019 (UTC) by AudioMoth 247AA5015BA446E5 at gain setting 2 while battery state was 4.4V.,AudioMoth 247AA5015BA446E5,2019:12:08 11:24:28-08:00,WAV,WAV,audio/x-wav,0.6572330594
49793,AM-29,247AA5015BA446E5,GRABADOR-SDZG-AM-29/20190622_050000.WAV,GRABADOR-SDZG-AM-29,20190622_050000.WAV,46080360,1.0,1.0,384000.0,768000.0,16.0,2019-06-22 5:00:00,60.00046875,,Recorded at 05:00:00 22/06/2019 (UTC) by AudioMoth 247AA5015BA446E5 at gain setting 2 while battery state was 4.4V.,AudioMoth 247AA5015BA446E5,2019:12:08 11:36:23-08:00,WAV,WAV,audio/x-wav,0.6740913987
50770,AM-29,247AA5015BA446E5,GRABADOR-SDZG-AM-29/20190628_235000.WAV,GRABADOR-SDZG-AM-29,20190628_235000.WAV,46080360,1.0,1.0,384000.0,768000.0,16.0,2019-06-28 23:50:00,60.00046875,,Recorded at 23:50:00 28/06/2019 (UTC) by AudioMoth 247AA5015BA446E5 at gain setting 2 while battery state was 4.2V.,AudioMoth 247AA5015BA446E5,2019:12:08 13:00:42-08:00,WAV,WAV,audio/x-wav,0.8338590264
50779,AM-29,247AA5015BA446E5,GRABADOR-SDZG-AM-29/20190629_012000.WAV,GRABADOR-SDZG-AM-29,20190629_012000.WAV,46080360,1.0,1.0,384000.0,768000.0,16.0,2019-06-29 1:20:00,60.00046875,,Recorded at 01:20:00 29/06/2019 (UTC) by AudioMoth 247AA5015BA446E5 at gain setting 2 while battery state was 4.2V.,AudioMoth 247AA5015BA446E5,2019:12:08 13:01:29-08:00,WAV,WAV,audio/x-wav,0.9000154734
50917,AM-29,247AA5015BA446E5,GRABADOR-SDZG-AM-29/20190630_002000.WAV,GRABADOR-SDZG-AM-29,20190630_002000.WAV,46080360,1.0,1.0,384000.0,768000.0,16.0,2019-06-30 0:20:00,60.00046875,,Recorded at 00:20:00 30/06/2019 (UTC) by AudioMoth 247AA5015BA446E5 at gain setting 2 while battery state was 4.1V.,AudioMoth 247AA5015BA446E5,2019:12:08 13:13:22-08:00,WAV,WAV,audio/x-wav,0.5353361368
56176,AM-30,248C7D075B2BF656,GRABADOR-SDZG-AM-30/20190619_042000.WAV,GRABADOR-SDZG-AM-30,20190619_042000.WAV,46080360,1.0,1.0,384000.0,768000.0,16.0,2019-06-19 4:20:00,60.00046875,,Recorded at 04:20:00 19/06/2019 (UTC) by AudioMoth 248C7D075B2BF656 at gain setting 2 while battery state was 4.7V.,AudioMoth 248C7D075B2BF656,2019:12:18 14:34:20-08:00,WAV,WAV,audio/x-wav,0.7915446758
56181,AM-30,248C7D075B2BF656,GRABADOR-SDZG-AM-30/20190619_051000.WAV,GRABADOR-SDZG-AM-30,20190619_051000.WAV,46080360,1.0,1.0,384000.0,768000.0,16.0,2019-06-19 5:10:00,60.00046875,,Recorded at 05:10:00 19/06/2019 (UTC) by AudioMoth 248C7D075B2BF656 at gain setting 2 while battery state was 4.7V.,AudioMoth 248C7D075B2BF656,2019:12:18 14:34:29-08:00,WAV,WAV,audio/x-wav,0.8218221664
56187,AM-30,248C7D075B2BF656,GRABADOR-SDZG-AM-30/20190619_061000.WAV,GRABADOR-SDZG-AM-30,20190619_061000.WAV,46080360,1.0,1.0,384000.0,768000.0,16.0,2019-06-19 6:10:00,60.00046875,,Recorded at 06:10:00 19/06/2019 (UTC) by AudioMoth 248C7D075B2BF656 at gain setting 2 while battery state was 4.7V.,AudioMoth 248C7D075B2BF656,2019:12:18 14:34:41-08:00,WAV,WAV,audio/x-wav,0.7131122351
56192,AM-30,248C7D075B2BF656,GRABADOR-SDZG-AM-30/20190619_070000.WAV,GRABADOR-SDZG-AM-30,20190619_070000.WAV,46080360,1.0,1.0,384000.0,768000.0,16.0,2019-06-19 7:00:00,60.00046875,,Recorded at 07:00:00 19/06/2019 (UTC) by AudioMoth 248C7D075B2BF656 at gain setting 2 while battery state was 4.6V.,AudioMoth 248C7D075B2BF656,2019:12:18 14:34:50-08:00,WAV,WAV,audio/x-wav,0.6817477942
56200,AM-30,248C7D075B2BF656,GRABADOR-SDZG-AM-30/20190619_082000.WAV,GRABADOR-SDZG-AM-30,20190619_082000.WAV,46080360,1.0,1.0,384000.0,768000.0,16.0,2019-06-19 8:20:00,60.00046875,,Recorded at 08:20:00 19/06/2019 (UTC) by AudioMoth 248C7D075B2BF656 at gain setting 2 while battery state was 4.6V.,AudioMoth 248C7D075B2BF656,2019:12:18 14:35:04-08:00,WAV,WAV,audio/x-wav,0.5760913491
56204,AM-30,248C7D075B2BF656,GRABADOR-SDZG-AM-30/20190619_090000.WAV,GRABADOR-SDZG-AM-30,20190619_090000.WAV,46080360,1.0,1.0,384000.0,768000.0,16.0,2019-06-19 9:00:00,60.00046875,,Recorded at 09:00:00 19/06/2019 (UTC) by AudioMoth 248C7D075B2BF656 at gain setting 2 while battery state was 4.6V.,AudioMoth 248C7D075B2BF656,2019:12:18 14:35:12-08:00,WAV,WAV,audio/x-wav,0.8880308867
56212,AM-30,248C7D075B2BF656,GRABADOR-SDZG-AM-30/20190619_102000.WAV,GRABADOR-SDZG-AM-30,20190619_102000.WAV,46080360,1.0,1.0,384000.0,768000.0,16.0,2019-06-19 10:20:00,60.00046875,,Recorded at 10:20:00 19/06/2019 (UTC) by AudioMoth 248C7D075B2BF656 at gain setting 2 while battery state was 4.6V.,AudioMoth 248C7D075B2BF656,2019:12:18 14:35:26-08:00,WAV,WAV,audio/x-wav,0.9281415939
56216,AM-30,248C7D075B2BF656,GRABADOR-SDZG-AM-30/20190619_110000.WAV,GRABADOR-SDZG-AM-30,20190619_110000.WAV,46080360,1.0,1.0,384000.0,768000.0,16.0,2019-06-19 11:00:00,60.00046875,,Recorded at 11:00:00 19/06/2019 (UTC) by AudioMoth 248C7D075B2BF656 at gain setting 2 while battery state was 4.6V.,AudioMoth 248C7D075B2BF656,2019:12:18 14:35:34-08:00,WAV,WAV,audio/x-wav,0.9936419129
56223,AM-30,248C7D075B2BF656,GRABADOR-SDZG-AM-30/20190619_121000.WAV,GRABADOR-SDZG-AM-30,20190619_121000.WAV,46080360,1.0,1.0,384000.0,768000.0,16.0,2019-06-19 12:10:00,60.00046875,,Recorded at 12:10:00 19/06/2019 (UTC) by AudioMoth 248C7D075B2BF656 at gain setting 2 while battery state was 4.6V.,AudioMoth 248C7D075B2BF656,2019:12:18 14:35:47-08:00,WAV,WAV,audio/x-wav,0.9379825592
56228,AM-30,248C7D075B2BF656,GRABADOR-SDZG-AM-30/20190619_130000.WAV,GRABADOR-SDZG-AM-30,20190619_130000.WAV,46080360,1.0,1.0,384000.0,768000.0,16.0,2019-06-19 13:00:00,60.00046875,,Recorded at 13:00:00 19/06/2019 (UTC) by AudioMoth 248C7D075B2BF656 at gain setting 2 while battery state was 4.6V.,AudioMoth 248C7D075B2BF656,2019:12:18 14:35:56-08:00,WAV,WAV,audio/x-wav,0.9395824671
56234,AM-30,248C7D075B2BF656,GRABADOR-SDZG-AM-30/20190619_140000.WAV,GRABADOR-SDZG-AM-30,20190619_140000.WAV,46080360,1.0,1.0,384000.0,768000.0,16.0,2019-06-19 14:00:00,60.00046875,,Recorded at 14:00:00 19/06/2019 (UTC) by AudioMoth 248C7D075B2BF656 at gain setting 2 while battery state was 4.6V.,AudioMoth 248C7D075B2BF656,2019:12:18 14:36:07-08:00,WAV,WAV,audio/x-wav,0.874127388
56241,AM-30,248C7D075B2BF656,GRABADOR-SDZG-AM-30/20190619_151000.WAV,GRABADOR-SDZG-AM-30,20190619_151000.WAV,46080360,1.0,1.0,384000.0,768000.0,16.0,2019-06-19 15:10:00,60.00046875,,Recorded at 15:10:00 19/06/2019 (UTC) by AudioMoth 248C7D075B2BF656 at gain setting 2 while battery state was 4.6V.,AudioMoth 248C7D075B2BF656,2019:12:18 14:36:21-08:00,WAV,WAV,audio/x-wav,0.8715478182
56247,AM-30,248C7D075B2BF656,GRABADOR-SDZG-AM-30/20190619_161000.WAV,GRABADOR-SDZG-AM-30,20190619_161000.WAV,46080360,1.0,1.0,384000.0,768000.0,16.0,2019-06-19 16:10:00,60.00046875,,Recorded at 16:10:00 19/06/2019 (UTC) by AudioMoth 248C7D075B2BF656 at gain setting 2 while battery state was 4.6V.,AudioMoth 248C7D075B2BF656,2019:12:18 14:36:32-08:00,WAV,WAV,audio/x-wav,0.9858332872
56253,AM-30,248C7D075B2BF656,GRABADOR-SDZG-AM-30/20190619_171000.WAV,GRABADOR-SDZG-AM-30,20190619_171000.WAV,46080360,1.0,1.0,384000.0,768000.0,16.0,2019-06-19 17:10:00,60.00046875,,Recorded at 17:10:00 19/06/2019 (UTC) by AudioMoth 248C7D075B2BF656 at gain setting 2 while battery state was 4.6V.,AudioMoth 248C7D075B2BF656,2019:12:18 14:36:43-08:00,WAV,WAV,audio/x-wav,0.9611133337
56264,AM-30,248C7D075B2BF656,GRABADOR-SDZG-AM-30/20190619_190000.WAV,GRABADOR-SDZG-AM-30,20190619_190000.WAV,46080360,1.0,1.0,384000.0,768000.0,16.0,2019-06-19 19:00:00,60.00046875,,Recorded at 19:00:00 19/06/2019 (UTC) by AudioMoth 248C7D075B2BF656 at gain setting 2 while battery state was 4.6V.,AudioMoth 248C7D075B2BF656,2019:12:18 14:37:03-08:00,WAV,WAV,audio/x-wav,0.7267205715
56273,AM-30,248C7D075B2BF656,GRABADOR-SDZG-AM-30/20190619_203000.WAV,GRABADOR-SDZG-AM-30,20190619_203000.WAV,46080360,1.0,1.0,384000.0,768000.0,16.0,2019-06-19 20:30:00,60.00046875,,Recorded at 20:30:00 19/06/2019 (UTC) by AudioMoth 248C7D075B2BF656 at gain setting 2 while battery state was 4.5V.,AudioMoth 248C7D075B2BF656,2019:12:18 14:37:20-08:00,WAV,WAV,audio/x-wav,0.9360632896
56278,AM-30,248C7D075B2BF656,GRABADOR-SDZG-AM-30/20190619_212000.WAV,GRABADOR-SDZG-AM-30,20190619_212000.WAV,46080360,1.0,1.0,384000.0,768000.0,16.0,2019-06-19 21:20:00,60.00046875,,Recorded at 21:20:00 19/06/2019 (UTC) by AudioMoth 248C7D075B2BF656 at gain setting 2 while battery state was 4.5V.,AudioMoth 248C7D075B2BF656,2019:12:18 14:37:30-08:00,WAV,WAV,audio/x-wav,0.7616912723
56286,AM-30,248C7D075B2BF656,GRABADOR-SDZG-AM-30/20190619_224000.WAV,GRABADOR-SDZG-AM-30,20190619_224000.WAV,46080360,1.0,1.0,384000.0,768000.0,16.0,2019-06-19 22:40:00,60.00046875,,Recorded at 22:40:00 19/06/2019 (UTC) by AudioMoth 248C7D075B2BF656 at gain setting 2 while battery state was 4.5V.,AudioMoth 248C7D075B2BF656,2019:12:18 14:37:45-08:00,WAV,WAV,audio/x-wav,0.5889600515
56402,AM-30,248C7D075B2BF656,GRABADOR-SDZG-AM-30/20190620_180000.WAV,GRABADOR-SDZG-AM-30,20190620_180000.WAV,46080360,1.0,1.0,384000.0,768000.0,16.0,2019-06-20 18:00:00,60.00046875,,Recorded at 18:00:00 20/06/2019 (UTC) by AudioMoth 248C7D075B2BF656 at gain setting 2 while battery state was 4.4V.,AudioMoth 248C7D075B2BF656,2019:12:18 14:41:21-08:00,WAV,WAV,audio/x-wav,0.8036612272
57304,AM-30,248C7D075B2BF656,GRABADOR-SDZG-AM-30/20190627_002000.WAV,GRABADOR-SDZG-AM-30,20190627_002000.WAV,46080360,1.0,1.0,384000.0,768000.0,16.0,2019-06-27 0:20:00,60.00046875,,Recorded at 00:20:00 27/06/2019 (UTC) by AudioMoth 248C7D075B2BF656 at gain setting 2 while battery state was 4.2V.,AudioMoth 248C7D075B2BF656,2019:12:18 15:09:28-08:00,WAV,WAV,audio/x-wav,0.541564405
57316,AM-30,248C7D075B2BF656,GRABADOR-SDZG-AM-30/20190627_022000.WAV,GRABADOR-SDZG-AM-30,20190627_022000.WAV,46080360,1.0,1.0,384000.0,768000.0,16.0,2019-06-27 2:20:00,60.00046875,,Recorded at 02:20:00 27/06/2019 (UTC) by AudioMoth 248C7D075B2BF656 at gain setting 2 while battery state was 4.2V.,AudioMoth 248C7D075B2BF656,2019:12:18 15:09:51-08:00,WAV,WAV,audio/x-wav,0.6310314536
57444,AM-30,248C7D075B2BF656,GRABADOR-SDZG-AM-30/20190627_234000.WAV,GRABADOR-SDZG-AM-30,20190627_234000.WAV,46080360,1.0,1.0,384000.0,768000.0,16.0,2019-06-27 23:40:00,60.00046875,,Recorded at 23:40:00 27/06/2019 (UTC) by AudioMoth 248C7D075B2BF656 at gain setting 2 while battery state was 4.1V.,AudioMoth 248C7D075B2BF656,2019:12:18 15:13:51-08:00,WAV,WAV,audio/x-wav,0.516908586
58604,AM-30,248C7D075B2BF656,GRABADOR-SDZG-AM-30/20190706_010000.WAV,GRABADOR-SDZG-AM-30,20190706_010000.WAV,46080360,1.0,1.0,384000.0,768000.0,16.0,2019-07-06 1:00:00,60.00046875,,Recorded at 01:00:00 06/07/2019 (UTC) by AudioMoth 248C7D075B2BF656 at gain setting 2 while battery state was 3.8V.,AudioMoth 248C7D075B2BF656,2019:12:18 15:50:13-08:00,WAV,WAV,audio/x-wav,0.5441154242
66303,AM-6,2466C2065B2BF148,GRABADOR-SDZG-AM-6/20190611_044000.WAV,GRABADOR-SDZG-AM-6,20190611_044000.WAV,46080360,1.0,1.0,384000.0,768000.0,16.0,2019-06-11 4:40:00,60.00046875,,Recorded at 04:40:00 11/06/2019 (UTC) by AudioMoth 2466C2065B2BF148 at gain setting 2 while battery state was 4.7V.,AudioMoth 2466C2065B2BF148,2019:12:10 08:51:42-08:00,WAV,WAV,audio/x-wav,0.6210391521
66312,AM-6,2466C2065B2BF148,GRABADOR-SDZG-AM-6/20190611_061000.WAV,GRABADOR-SDZG-AM-6,20190611_061000.WAV,46080360,1.0,1.0,384000.0,768000.0,16.0,2019-06-11 6:10:00,60.00046875,,Recorded at 06:10:00 11/06/2019 (UTC) by AudioMoth 2466C2065B2BF148 at gain setting 2 while battery state was 4.7V.,AudioMoth 2466C2065B2BF148,2019:12:10 08:52:29-08:00,WAV,WAV,audio/x-wav,0.6006794572
66318,AM-6,2466C2065B2BF148,GRABADOR-SDZG-AM-6/20190611_071000.WAV,GRABADOR-SDZG-AM-6,20190611_071000.WAV,46080360,1.0,1.0,384000.0,768000.0,16.0,2019-06-11 7:10:00,60.00046875,,Recorded at 07:10:00 11/06/2019 (UTC) by AudioMoth 2466C2065B2BF148 at gain setting 2 while battery state was 4.7V.,AudioMoth 2466C2065B2BF148,2019:12:10 08:53:00-08:00,WAV,WAV,audio/x-wav,0.9802932143
66323,AM-6,2466C2065B2BF148,GRABADOR-SDZG-AM-6/20190611_080000.WAV,GRABADOR-SDZG-AM-6,20190611_080000.WAV,46080360,1.0,1.0,384000.0,768000.0,16.0,2019-06-11 8:00:00,60.00046875,,Recorded at 08:00:00 11/06/2019 (UTC) by AudioMoth 2466C2065B2BF148 at gain setting 2 while battery state was 4.7V.,AudioMoth 2466C2065B2BF148,2019:12:10 08:53:25-08:00,WAV,WAV,audio/x-wav,0.9557447433
66340,AM-6,2466C2065B2BF148,GRABADOR-SDZG-AM-6/20190611_105000.WAV,GRABADOR-SDZG-AM-6,20190611_105000.WAV,46080360,1.0,1.0,384000.0,768000.0,16.0,2019-06-11 10:50:00,60.00046875,,Recorded at 10:50:00 11/06/2019 (UTC) by AudioMoth 2466C2065B2BF148 at gain setting 2 while battery state was 4.6V.,AudioMoth 2466C2065B2BF148,2019:12:10 08:54:53-08:00,WAV,WAV,audio/x-wav,0.6249628067
66349,AM-6,2466C2065B2BF148,GRABADOR-SDZG-AM-6/20190611_122000.WAV,GRABADOR-SDZG-AM-6,20190611_122000.WAV,46080360,1.0,1.0,384000.0,768000.0,16.0,2019-06-11 12:20:00,60.00046875,,Recorded at 12:20:00 11/06/2019 (UTC) by AudioMoth 2466C2065B2BF148 at gain setting 2 while battery state was 4.6V.,AudioMoth 2466C2065B2BF148,2019:12:10 08:55:40-08:00,WAV,WAV,audio/x-wav,0.7278189659
66355,AM-6,2466C2065B2BF148,GRABADOR-SDZG-AM-6/20190611_132000.WAV,GRABADOR-SDZG-AM-6,20190611_132000.WAV,46080360,1.0,1.0,384000.0,768000.0,16.0,2019-06-11 13:20:00,60.00046875,,Recorded at 13:20:00 11/06/2019 (UTC) by AudioMoth 2466C2065B2BF148 at gain setting 2 while battery state was 4.6V.,AudioMoth 2466C2065B2BF148,2019:12:10 08:56:11-08:00,WAV,WAV,audio/x-wav,0.7101644278
66359,AM-6,2466C2065B2BF148,GRABADOR-SDZG-AM-6/20190611_140000.WAV,GRABADOR-SDZG-AM-6,20190611_140000.WAV,46080360,1.0,1.0,384000.0,768000.0,16.0,2019-06-11 14:00:00,60.00046875,,Recorded at 14:00:00 11/06/2019 (UTC) by AudioMoth 2466C2065B2BF148 at gain setting 2 while battery state was 4.6V.,AudioMoth 2466C2065B2BF148,2019:12:10 08:56:31-08:00,WAV,WAV,audio/x-wav,0.9939458966
66367,AM-6,2466C2065B2BF148,GRABADOR-SDZG-AM-6/20190611_152000.WAV,GRABADOR-SDZG-AM-6,20190611_152000.WAV,46080360,1.0,1.0,384000.0,768000.0,16.0,2019-06-11 15:20:00,60.00046875,,Recorded at 15:20:00 11/06/2019 (UTC) by AudioMoth 2466C2065B2BF148 at gain setting 2 while battery state was 4.6V.,AudioMoth 2466C2065B2BF148,2019:12:10 08:57:12-08:00,WAV,WAV,audio/x-wav,0.9490784407
66371,AM-6,2466C2065B2BF148,GRABADOR-SDZG-AM-6/20190611_160000.WAV,GRABADOR-SDZG-AM-6,20190611_160000.WAV,46080360,1.0,1.0,384000.0,768000.0,16.0,2019-06-11 16:00:00,60.00046875,,Recorded at 16:00:00 11/06/2019 (UTC) by AudioMoth 2466C2065B2BF148 at gain setting 2 while battery state was 4.6V.,AudioMoth 2466C2065B2BF148,2019:12:10 08:57:33-08:00,WAV,WAV,audio/x-wav,0.7061241865
66380,AM-6,2466C2065B2BF148,GRABADOR-SDZG-AM-6/20190611_173000.WAV,GRABADOR-SDZG-AM-6,20190611_173000.WAV,46080360,1.0,1.0,384000.0,768000.0,16.0,2019-06-11 17:30:00,60.00046875,,Recorded at 17:30:00 11/06/2019 (UTC) by AudioMoth 2466C2065B2BF148 at gain setting 2 while battery state was 4.6V.,AudioMoth 2466C2065B2BF148,2019:12:10 08:58:20-08:00,WAV,WAV,audio/x-wav,0.9874711037
66385,AM-6,2466C2065B2BF148,GRABADOR-SDZG-AM-6/20190611_182000.WAV,GRABADOR-SDZG-AM-6,20190611_182000.WAV,46080360,1.0,1.0,384000.0,768000.0,16.0,2019-06-11 18:20:00,60.00046875,,Recorded at 18:20:00 11/06/2019 (UTC) by AudioMoth 2466C2065B2BF148 at gain setting 2 while battery state was 4.6V.,AudioMoth 2466C2065B2BF148,2019:12:10 08:58:45-08:00,WAV,WAV,audio/x-wav,0.8650292158
66391,AM-6,2466C2065B2BF148,GRABADOR-SDZG-AM-6/20190611_192000.WAV,GRABADOR-SDZG-AM-6,20190611_192000.WAV,46080360,1.0,1.0,384000.0,768000.0,16.0,2019-06-11 19:20:00,60.00046875,,Recorded at 19:20:00 11/06/2019 (UTC) by AudioMoth 2466C2065B2BF148 at gain setting 2 while battery state was 4.6V.,AudioMoth 2466C2065B2BF148,2019:12:10 08:59:16-08:00,WAV,WAV,audio/x-wav,0.970430851
66395,AM-6,2466C2065B2BF148,GRABADOR-SDZG-AM-6/20190611_200000.WAV,GRABADOR-SDZG-AM-6,20190611_200000.WAV,46080360,1.0,1.0,384000.0,768000.0,16.0,2019-06-11 20:00:00,60.00046875,,Recorded at 20:00:00 11/06/2019 (UTC) by AudioMoth 2466C2065B2BF148 at gain setting 2 while battery state was 4.6V.,AudioMoth 2466C2065B2BF148,2019:12:10 08:59:37-08:00,WAV,WAV,audio/x-wav,0.9922534823
66402,AM-6,2466C2065B2BF148,GRABADOR-SDZG-AM-6/20190611_211000.WAV,GRABADOR-SDZG-AM-6,20190611_211000.WAV,46080360,1.0,1.0,384000.0,768000.0,16.0,2019-06-11 21:10:00,60.00046875,,Recorded at 21:10:00 11/06/2019 (UTC) by AudioMoth 2466C2065B2BF148 at gain setting 2 while battery state was 4.6V.,AudioMoth 2466C2065B2BF148,2019:12:10 09:00:13-08:00,WAV,WAV,audio/x-wav,0.6382482648
66408,AM-6,2466C2065B2BF148,GRABADOR-SDZG-AM-6/20190611_221000.WAV,GRABADOR-SDZG-AM-6,20190611_221000.WAV,46080360,1.0,1.0,384000.0,768000.0,16.0,2019-06-11 22:10:00,60.00046875,,Recorded at 22:10:00 11/06/2019 (UTC) by AudioMoth 2466C2065B2BF148 at gain setting 2 while battery state was 4.6V.,AudioMoth 2466C2065B2BF148,2019:12:10 09:00:44-08:00,WAV,WAV,audio/x-wav,0.8283256292
66413,AM-6,2466C2065B2BF148,GRABADOR-SDZG-AM-6/20190611_230000.WAV,GRABADOR-SDZG-AM-6,20190611_230000.WAV,46080360,1.0,1.0,384000.0,768000.0,16.0,2019-06-11 23:00:00,60.00046875,,Recorded at 23:00:00 11/06/2019 (UTC) by AudioMoth 2466C2065B2BF148 at gain setting 2 while battery state was 4.5V.,AudioMoth 2466C2065B2BF148,2019:12:10 09:01:10-08:00,WAV,WAV,audio/x-wav,0.9415535331
66420,AM-6,2466C2065B2BF148,GRABADOR-SDZG-AM-6/20190612_001000.WAV,GRABADOR-SDZG-AM-6,20190612_001000.WAV,46080360,1.0,1.0,384000.0,768000.0,16.0,2019-06-12 0:10:00,60.00046875,,Recorded at 00:10:00 12/06/2019 (UTC) by AudioMoth 2466C2065B2BF148 at gain setting 2 while battery state was 4.5V.,AudioMoth 2466C2065B2BF148,2019:12:10 09:01:46-08:00,WAV,WAV,audio/x-wav,0.6091797352
66429,AM-6,2466C2065B2BF148,GRABADOR-SDZG-AM-6/20190612_014000.WAV,GRABADOR-SDZG-AM-6,20190612_014000.WAV,46080360,1.0,1.0,384000.0,768000.0,16.0,2019-06-12 1:40:00,60.00046875,,Recorded at 01:40:00 12/06/2019 (UTC) by AudioMoth 2466C2065B2BF148 at gain setting 2 while battery state was 4.5V.,AudioMoth 2466C2065B2BF148,2019:12:10 09:02:33-08:00,WAV,WAV,audio/x-wav,0.6662169695
66431,AM-6,2466C2065B2BF148,GRABADOR-SDZG-AM-6/20190612_020000.WAV,GRABADOR-SDZG-AM-6,20190612_020000.WAV,46080360,1.0,1.0,384000.0,768000.0,16.0,2019-06-12 2:00:00,60.00046875,,Recorded at 02:00:00 12/06/2019 (UTC) by AudioMoth 2466C2065B2BF148 at gain setting 2 while battery state was 4.5V.,AudioMoth 2466C2065B2BF148,2019:12:10 09:02:43-08:00,WAV,WAV,audio/x-wav,0.9458492398
66438,AM-6,2466C2065B2BF148,GRABADOR-SDZG-AM-6/20190612_031000.WAV,GRABADOR-SDZG-AM-6,20190612_031000.WAV,46080360,1.0,1.0,384000.0,768000.0,16.0,2019-06-12 3:10:00,60.00046875,,Recorded at 03:10:00 12/06/2019 (UTC) by AudioMoth 2466C2065B2BF148 at gain setting 2 while battery state was 4.5V.,AudioMoth 2466C2065B2BF148,2019:12:10 09:03:19-08:00,WAV,WAV,audio/x-wav,0.7864329219
66453,AM-6,2466C2065B2BF148,GRABADOR-SDZG-AM-6/20190612_054000.WAV,GRABADOR-SDZG-AM-6,20190612_054000.WAV,46080360,1.0,1.0,384000.0,768000.0,16.0,2019-06-12 5:40:00,60.00046875,,Recorded at 05:40:00 12/06/2019 (UTC) by AudioMoth 2466C2065B2BF148 at gain setting 2 while battery state was 4.5V.,AudioMoth 2466C2065B2BF148,2019:12:10 09:04:36-08:00,WAV,WAV,audio/x-wav,0.9091756344
66474,AM-6,2466C2065B2BF148,GRABADOR-SDZG-AM-6/20190612_091000.WAV,GRABADOR-SDZG-AM-6,20190612_091000.WAV,46080360,1.0,1.0,384000.0,768000.0,16.0,2019-06-12 9:10:00,60.00046875,,Recorded at 09:10:00 12/06/2019 (UTC) by AudioMoth 2466C2065B2BF148 at gain setting 2 while battery state was 4.5V.,AudioMoth 2466C2065B2BF148,2019:12:10 09:06:25-08:00,WAV,WAV,audio/x-wav,0.9680405855
66485,AM-6,2466C2065B2BF148,GRABADOR-SDZG-AM-6/20190612_110000.WAV,GRABADOR-SDZG-AM-6,20190612_110000.WAV,46080360,1.0,1.0,384000.0,768000.0,16.0,2019-06-12 11:00:00,60.00046875,,Recorded at 11:00:00 12/06/2019 (UTC) by AudioMoth 2466C2065B2BF148 at gain setting 2 while battery state was 4.5V.,AudioMoth 2466C2065B2BF148,2019:12:10 09:07:22-08:00,WAV,WAV,audio/x-wav,0.9899181128
